ts,cgdi,api_version,scope,endpoint,path,fetched_at
2024-01-01 00:00:00+00:00,1000.0,v4,global,cgdi,futures/cgdi-index/history,2026-04-24T04:28:57.131574+00:00
2024-01-02 00:00:00+00:00,1053.2551,v4,global,cgdi,futures/cgdi-index/history,2026-04-24T04:28:57.131574+00:00
2024-01-03 00:00:00+00:00,1067.6727,v4,global,cgdi,futures/cgdi-index/history,2026-04-24T04:28:57.131574+00:00
2024-01-04 00:00:00+00:00,900.5659,v4,global,cgdi,futures/cgdi-index/history,2026-04-24T04:28:57.131574+00:00
2024-01-05 00:00:00+00:00,930.1563,v4,global,cgdi,futures/cgdi-index/history,2026-04-24T04:28:57.131574+00:00
2024-01-06 00:00:00+00:00,899.9644,v4,global,cgdi,futures/cgdi-index/history,2026-04-24T04:28:57.131574+00:00
2024-01-07 00:00:00+00:00,887.9416,v4,global,cgdi,futures/cgdi-index/history,2026-04-24T04:28:57.131574+00:00
2024-01-08 00:00:00+00:00,881.3919,v4,global,cgdi,futures/cgdi-index/history,2026-04-24T04:28:57.131574+00:00
2024-01-09 00:00:00+00:00,941.0508,v4,global,cgdi,futures/cgdi-index/history,2026-04-24T04:28:57.131574+00:00
2024-01-10 00:00:00+00:00,917.4313,v4,global,cgdi,futures/cgdi-index/history,2026-04-24T04:28:57.131574+00:00
2024-01-11 00:00:00+00:00,964.8036,v4,global,cgdi,futures/cgdi-index/history,2026-04-24T04:28:57.131574+00:00
2024-01-12 00:00:00+00:00,1002.3911,v4,global,cgdi,futures/cgdi-index/history,2026-04-24T04:28:57.131574+00:00
2024-01-13 00:00:00+00:00,965.6889,v4,global,cgdi,futures/cgdi-index/history,2026-04-24T04:28:57.131574+00:00
2024-01-14 00:00:00+00:00,985.3144,v4,global,cgdi,futures/cgdi-index/history,2026-04-24T04:28:57.131574+00:00
2024-01-15 00:00:00+00:00,967.6288,v4,global,cgdi,futures/cgdi-index/history,2026-04-24T04:28:57.131574+00:00
2024-01-16 00:00:00+00:00,976.1177,v4,global,cgdi,futures/cgdi-index/history,2026-04-24T04:28:57.131574+00:00
2024-01-17 00:00:00+00:00,1000.4376,v4,global,cgdi,futures/cgdi-index/history,2026-04-24T04:28:57.131574+00:00
2024-01-18 00:00:00+00:00,1001.9133,v4,global,cgdi,futures/cgdi-index/history,2026-04-24T04:28:57.131574+00:00
2024-01-19 00:00:00+00:00,979.8653,v4,global,cgdi,futures/cgdi-index/history,2026-04-24T04:28:57.131574+00:00
2024-01-20 00:00:00+00:00,967.4076,v4,global,cgdi,futures/cgdi-index/history,2026-04-24T04:28:57.131574+00:00
2024-01-21 00:00:00+00:00,972.5909,v4,global,cgdi,futures/cgdi-index/history,2026-04-24T04:28:57.131574+00:00
2024-01-22 00:00:00+00:00,966.6171,v4,global,cgdi,futures/cgdi-index/history,2026-04-24T04:28:57.131574+00:00
2024-01-23 00:00:00+00:00,919.9425,v4,global,cgdi,futures/cgdi-index/history,2026-04-24T04:28:57.131574+00:00
2024-01-24 00:00:00+00:00,894.2424,v4,global,cgdi,futures/cgdi-index/history,2026-04-24T04:28:57.131574+00:00
2024-01-25 00:00:00+00:00,908.6832,v4,global,cgdi,futures/cgdi-index/history,2026-04-24T04:28:57.131574+00:00
2024-01-26 00:00:00+00:00,912.6694,v4,global,cgdi,futures/cgdi-index/history,2026-04-24T04:28:57.131574+00:00
2024-01-27 00:00:00+00:00,953.2262,v4,global,cgdi,futures/cgdi-index/history,2026-04-24T04:28:57.131574+00:00
2024-01-28 00:00:00+00:00,954.4334,v4,global,cgdi,futures/cgdi-index/history,2026-04-24T04:28:57.131574+00:00
2024-01-29 00:00:00+00:00,930.943,v4,global,cgdi,futures/cgdi-index/history,2026-04-24T04:28:57.131574+00:00
2024-01-30 00:00:00+00:00,977.3298,v4,global,cgdi,futures/cgdi-index/history,2026-04-24T04:28:57.131574+00:00
2024-01-31 00:00:00+00:00,968.8374,v4,global,cgdi,futures/cgdi-index/history,2026-04-24T04:28:57.131574+00:00
2024-02-01 00:00:00+00:00,936.2576,v4,global,cgdi,futures/cgdi-index/history,2026-04-24T04:28:57.131574+00:00
2024-02-02 00:00:00+00:00,957.7006,v4,global,cgdi,futures/cgdi-index/history,2026-04-24T04:28:57.131574+00:00
2024-02-03 00:00:00+00:00,966.1931,v4,global,cgdi,futures/cgdi-index/history,2026-04-24T04:28:57.131574+00:00
2024-02-04 00:00:00+00:00,969.9067,v4,global,cgdi,futures/cgdi-index/history,2026-04-24T04:28:57.131574+00:00
2024-02-05 00:00:00+00:00,959.3575,v4,global,cgdi,futures/cgdi-index/history,2026-04-24T04:28:57.131574+00:00
2024-02-06 00:00:00+00:00,980.1857,v4,global,cgdi,futures/cgdi-index/history,2026-04-24T04:28:57.131574+00:00
2024-02-07 00:00:00+00:00,1015.9514,v4,global,cgdi,futures/cgdi-index/history,2026-04-24T04:28:57.131574+00:00
2024-02-08 00:00:00+00:00,1051.4602,v4,global,cgdi,futures/cgdi-index/history,2026-04-24T04:28:57.131574+00:00
2024-02-09 00:00:00+00:00,1070.1838,v4,global,cgdi,futures/cgdi-index/history,2026-04-24T04:28:57.131574+00:00
2024-02-10 00:00:00+00:00,1088.486,v4,global,cgdi,futures/cgdi-index/history,2026-04-24T04:28:57.131574+00:00
2024-02-11 00:00:00+00:00,1109.2257,v4,global,cgdi,futures/cgdi-index/history,2026-04-24T04:28:57.131574+00:00
2024-02-12 00:00:00+00:00,1127.0436,v4,global,cgdi,futures/cgdi-index/history,2026-04-24T04:28:57.131574+00:00
2024-02-13 00:00:00+00:00,1196.3458,v4,global,cgdi,futures/cgdi-index/history,2026-04-24T04:28:57.131574+00:00
2024-02-14 00:00:00+00:00,1176.28,v4,global,cgdi,futures/cgdi-index/history,2026-04-24T04:28:57.131574+00:00
2024-02-15 00:00:00+00:00,1241.5404,v4,global,cgdi,futures/cgdi-index/history,2026-04-24T04:28:57.131574+00:00
2024-02-16 00:00:00+00:00,1237.7864,v4,global,cgdi,futures/cgdi-index/history,2026-04-24T04:28:57.131574+00:00
2024-02-17 00:00:00+00:00,1227.4332,v4,global,cgdi,futures/cgdi-index/history,2026-04-24T04:28:57.131574+00:00
2024-02-18 00:00:00+00:00,1226.3016,v4,global,cgdi,futures/cgdi-index/history,2026-04-24T04:28:57.131574+00:00
2024-02-19 00:00:00+00:00,1245.9649,v4,global,cgdi,futures/cgdi-index/history,2026-04-24T04:28:57.131574+00:00
2024-02-20 00:00:00+00:00,1279.9336,v4,global,cgdi,futures/cgdi-index/history,2026-04-24T04:28:57.131574+00:00
2024-02-21 00:00:00+00:00,1257.6839,v4,global,cgdi,futures/cgdi-index/history,2026-04-24T04:28:57.131574+00:00
2024-02-22 00:00:00+00:00,1246.6489,v4,global,cgdi,futures/cgdi-index/history,2026-04-24T04:28:57.131574+00:00
2024-02-23 00:00:00+00:00,1234.856,v4,global,cgdi,futures/cgdi-index/history,2026-04-24T04:28:57.131574+00:00
2024-02-24 00:00:00+00:00,1233.9801,v4,global,cgdi,futures/cgdi-index/history,2026-04-24T04:28:57.131574+00:00
2024-02-25 00:00:00+00:00,1279.6092,v4,global,cgdi,futures/cgdi-index/history,2026-04-24T04:28:57.131574+00:00
2024-02-26 00:00:00+00:00,1311.4196,v4,global,cgdi,futures/cgdi-index/history,2026-04-24T04:28:57.131574+00:00
2024-02-27 00:00:00+00:00,1355.2205,v4,global,cgdi,futures/cgdi-index/history,2026-04-24T04:28:57.131574+00:00
2024-02-28 00:00:00+00:00,1352.3075,v4,global,cgdi,futures/cgdi-index/history,2026-04-24T04:28:57.131574+00:00
2024-02-29 00:00:00+00:00,1371.9301,v4,global,cgdi,futures/cgdi-index/history,2026-04-24T04:28:57.131574+00:00
2024-03-01 00:00:00+00:00,1381.0475,v4,global,cgdi,futures/cgdi-index/history,2026-04-24T04:28:57.131574+00:00
2024-03-02 00:00:00+00:00,1451.2157,v4,global,cgdi,futures/cgdi-index/history,2026-04-24T04:28:57.131574+00:00
2024-03-03 00:00:00+00:00,1482.613,v4,global,cgdi,futures/cgdi-index/history,2026-04-24T04:28:57.131574+00:00
2024-03-04 00:00:00+00:00,1515.1033,v4,global,cgdi,futures/cgdi-index/history,2026-04-24T04:28:57.131574+00:00
2024-03-05 00:00:00+00:00,1625.9256,v4,global,cgdi,futures/cgdi-index/history,2026-04-24T04:28:57.131574+00:00
2024-03-06 00:00:00+00:00,1457.5771,v4,global,cgdi,futures/cgdi-index/history,2026-04-24T04:28:57.131574+00:00
2024-03-07 00:00:00+00:00,1526.0688,v4,global,cgdi,futures/cgdi-index/history,2026-04-24T04:28:57.131574+00:00
2024-03-08 00:00:00+00:00,1570.4478,v4,global,cgdi,futures/cgdi-index/history,2026-04-24T04:28:57.131574+00:00
2024-03-09 00:00:00+00:00,1608.2843,v4,global,cgdi,futures/cgdi-index/history,2026-04-24T04:28:57.131574+00:00
2024-03-10 00:00:00+00:00,1655.3432,v4,global,cgdi,futures/cgdi-index/history,2026-04-24T04:28:57.131574+00:00
2024-03-11 00:00:00+00:00,1676.2427,v4,global,cgdi,futures/cgdi-index/history,2026-04-24T04:28:57.131574+00:00
2024-03-12 00:00:00+00:00,1776.9968,v4,global,cgdi,futures/cgdi-index/history,2026-04-24T04:28:57.131574+00:00
2024-03-13 00:00:00+00:00,1767.1065,v4,global,cgdi,futures/cgdi-index/history,2026-04-24T04:28:57.131574+00:00
2024-03-14 00:00:00+00:00,1808.909,v4,global,cgdi,futures/cgdi-index/history,2026-04-24T04:28:57.131574+00:00
2024-03-15 00:00:00+00:00,1856.8771,v4,global,cgdi,futures/cgdi-index/history,2026-04-24T04:28:57.131574+00:00
2024-03-16 00:00:00+00:00,1699.4935,v4,global,cgdi,futures/cgdi-index/history,2026-04-24T04:28:57.131574+00:00
2024-03-17 00:00:00+00:00,1614.9033,v4,global,cgdi,futures/cgdi-index/history,2026-04-24T04:28:57.131574+00:00
2024-03-18 00:00:00+00:00,1682.5504,v4,global,cgdi,futures/cgdi-index/history,2026-04-24T04:28:57.131574+00:00
2024-03-19 00:00:00+00:00,1640.9486,v4,global,cgdi,futures/cgdi-index/history,2026-04-24T04:28:57.131574+00:00
2024-03-20 00:00:00+00:00,1486.0093,v4,global,cgdi,futures/cgdi-index/history,2026-04-24T04:28:57.131574+00:00
2024-03-21 00:00:00+00:00,1598.8929,v4,global,cgdi,futures/cgdi-index/history,2026-04-24T04:28:57.131574+00:00
2024-03-22 00:00:00+00:00,1558.4685,v4,global,cgdi,futures/cgdi-index/history,2026-04-24T04:28:57.131574+00:00
2024-03-23 00:00:00+00:00,1525.5928,v4,global,cgdi,futures/cgdi-index/history,2026-04-24T04:28:57.131574+00:00
2024-03-24 00:00:00+00:00,1536.5717,v4,global,cgdi,futures/cgdi-index/history,2026-04-24T04:28:57.131574+00:00
2024-03-25 00:00:00+00:00,1616.5115,v4,global,cgdi,futures/cgdi-index/history,2026-04-24T04:28:57.131574+00:00
2024-03-26 00:00:00+00:00,1715.7508,v4,global,cgdi,futures/cgdi-index/history,2026-04-24T04:28:57.131574+00:00
2024-03-27 00:00:00+00:00,1746.8649,v4,global,cgdi,futures/cgdi-index/history,2026-04-24T04:28:57.131574+00:00
2024-03-28 00:00:00+00:00,1754.7543,v4,global,cgdi,futures/cgdi-index/history,2026-04-24T04:28:57.131574+00:00
2024-03-29 00:00:00+00:00,1812.0767,v4,global,cgdi,futures/cgdi-index/history,2026-04-24T04:28:57.131574+00:00
2024-03-30 00:00:00+00:00,1796.4305,v4,global,cgdi,futures/cgdi-index/history,2026-04-24T04:28:57.131574+00:00
2024-03-31 00:00:00+00:00,1801.0832,v4,global,cgdi,futures/cgdi-index/history,2026-04-24T04:28:57.131574+00:00
2024-04-01 00:00:00+00:00,1889.9089,v4,global,cgdi,futures/cgdi-index/history,2026-04-24T04:28:57.131574+00:00
2024-04-02 00:00:00+00:00,1800.3359,v4,global,cgdi,futures/cgdi-index/history,2026-04-24T04:28:57.131574+00:00
2024-04-03 00:00:00+00:00,1653.6136,v4,global,cgdi,futures/cgdi-index/history,2026-04-24T04:28:57.131574+00:00
2024-04-04 00:00:00+00:00,1640.884,v4,global,cgdi,futures/cgdi-index/history,2026-04-24T04:28:57.131574+00:00
2024-04-05 00:00:00+00:00,1662.4689,v4,global,cgdi,futures/cgdi-index/history,2026-04-24T04:28:57.131574+00:00
2024-04-06 00:00:00+00:00,1629.3045,v4,global,cgdi,futures/cgdi-index/history,2026-04-24T04:28:57.131574+00:00
2024-04-07 00:00:00+00:00,1666.9048,v4,global,cgdi,futures/cgdi-index/history,2026-04-24T04:28:57.131574+00:00
2024-04-08 00:00:00+00:00,1715.1251,v4,global,cgdi,futures/cgdi-index/history,2026-04-24T04:28:57.131574+00:00
2024-04-09 00:00:00+00:00,1834.0999,v4,global,cgdi,futures/cgdi-index/history,2026-04-24T04:28:57.131574+00:00
2024-04-10 00:00:00+00:00,1737.9454,v4,global,cgdi,futures/cgdi-index/history,2026-04-24T04:28:57.131574+00:00
2024-04-11 00:00:00+00:00,1741.1357,v4,global,cgdi,futures/cgdi-index/history,2026-04-24T04:28:57.131574+00:00
2024-04-12 00:00:00+00:00,1721.8363,v4,global,cgdi,futures/cgdi-index/history,2026-04-24T04:28:57.131574+00:00
2024-04-13 00:00:00+00:00,1521.3828,v4,global,cgdi,futures/cgdi-index/history,2026-04-24T04:28:57.131574+00:00
2024-04-14 00:00:00+00:00,1271.6462,v4,global,cgdi,futures/cgdi-index/history,2026-04-24T04:28:57.131574+00:00
2024-04-15 00:00:00+00:00,1312.4266,v4,global,cgdi,futures/cgdi-index/history,2026-04-24T04:28:57.131574+00:00
2024-04-16 00:00:00+00:00,1263.0252,v4,global,cgdi,futures/cgdi-index/history,2026-04-24T04:28:57.131574+00:00
2024-04-17 00:00:00+00:00,1250.2121,v4,global,cgdi,futures/cgdi-index/history,2026-04-24T04:28:57.131574+00:00
2024-04-18 00:00:00+00:00,1230.7899,v4,global,cgdi,futures/cgdi-index/history,2026-04-24T04:28:57.131574+00:00
2024-04-19 00:00:00+00:00,1250.598,v4,global,cgdi,futures/cgdi-index/history,2026-04-24T04:28:57.131574+00:00
2024-04-20 00:00:00+00:00,1252.6867,v4,global,cgdi,futures/cgdi-index/history,2026-04-24T04:28:57.131574+00:00
2024-04-21 00:00:00+00:00,1308.9126,v4,global,cgdi,futures/cgdi-index/history,2026-04-24T04:28:57.131574+00:00
2024-04-22 00:00:00+00:00,1301.4247,v4,global,cgdi,futures/cgdi-index/history,2026-04-24T04:28:57.131574+00:00
2024-04-23 00:00:00+00:00,1357.2398,v4,global,cgdi,futures/cgdi-index/history,2026-04-24T04:28:57.131574+00:00
2024-04-24 00:00:00+00:00,1353.4588,v4,global,cgdi,futures/cgdi-index/history,2026-04-24T04:28:57.131574+00:00
2024-04-25 00:00:00+00:00,1341.1517,v4,global,cgdi,futures/cgdi-index/history,2026-04-24T04:28:57.131574+00:00
2024-04-26 00:00:00+00:00,1328.5992,v4,global,cgdi,futures/cgdi-index/history,2026-04-24T04:28:57.131574+00:00
2024-04-27 00:00:00+00:00,1310.305,v4,global,cgdi,futures/cgdi-index/history,2026-04-24T04:28:57.131574+00:00
2024-04-28 00:00:00+00:00,1335.4382,v4,global,cgdi,futures/cgdi-index/history,2026-04-24T04:28:57.131574+00:00
2024-04-29 00:00:00+00:00,1320.9104,v4,global,cgdi,futures/cgdi-index/history,2026-04-24T04:28:57.131574+00:00
2024-04-30 00:00:00+00:00,1327.2004,v4,global,cgdi,futures/cgdi-index/history,2026-04-24T04:28:57.131574+00:00
2024-05-01 00:00:00+00:00,1298.7739,v4,global,cgdi,futures/cgdi-index/history,2026-04-24T04:28:57.131574+00:00
2024-05-02 00:00:00+00:00,1234.9984,v4,global,cgdi,futures/cgdi-index/history,2026-04-24T04:28:57.131574+00:00
2024-05-03 00:00:00+00:00,1246.0651,v4,global,cgdi,futures/cgdi-index/history,2026-04-24T04:28:57.131574+00:00
2024-05-04 00:00:00+00:00,1319.5396,v4,global,cgdi,futures/cgdi-index/history,2026-04-24T04:28:57.131574+00:00
2024-05-05 00:00:00+00:00,1342.2439,v4,global,cgdi,futures/cgdi-index/history,2026-04-24T04:28:57.131574+00:00
2024-05-06 00:00:00+00:00,1350.396,v4,global,cgdi,futures/cgdi-index/history,2026-04-24T04:28:57.131574+00:00
2024-05-07 00:00:00+00:00,1335.0971,v4,global,cgdi,futures/cgdi-index/history,2026-04-24T04:28:57.131574+00:00
2024-05-08 00:00:00+00:00,1320.1983,v4,global,cgdi,futures/cgdi-index/history,2026-04-24T04:28:57.131574+00:00
2024-05-09 00:00:00+00:00,1304.4223,v4,global,cgdi,futures/cgdi-index/history,2026-04-24T04:28:57.131574+00:00
2024-05-10 00:00:00+00:00,1337.71,v4,global,cgdi,futures/cgdi-index/history,2026-04-24T04:28:57.131574+00:00
2024-05-11 00:00:00+00:00,1333.5814,v4,global,cgdi,futures/cgdi-index/history,2026-04-24T04:28:57.131574+00:00
2024-05-12 00:00:00+00:00,1326.6044,v4,global,cgdi,futures/cgdi-index/history,2026-04-24T04:28:57.131574+00:00
2024-05-13 00:00:00+00:00,1328.4716,v4,global,cgdi,futures/cgdi-index/history,2026-04-24T04:28:57.131574+00:00
2024-05-14 00:00:00+00:00,1358.0056,v4,global,cgdi,futures/cgdi-index/history,2026-04-24T04:28:57.131574+00:00
2024-05-15 00:00:00+00:00,1321.4495,v4,global,cgdi,futures/cgdi-index/history,2026-04-24T04:28:57.131574+00:00
2024-05-16 00:00:00+00:00,1440.0727,v4,global,cgdi,futures/cgdi-index/history,2026-04-24T04:28:57.131574+00:00
2024-05-17 00:00:00+00:00,1415.1252,v4,global,cgdi,futures/cgdi-index/history,2026-04-24T04:28:57.131574+00:00
2024-05-18 00:00:00+00:00,1487.3918,v4,global,cgdi,futures/cgdi-index/history,2026-04-24T04:28:57.131574+00:00
2024-05-19 00:00:00+00:00,1499.251,v4,global,cgdi,futures/cgdi-index/history,2026-04-24T04:28:57.131574+00:00
2024-05-20 00:00:00+00:00,1466.4273,v4,global,cgdi,futures/cgdi-index/history,2026-04-24T04:28:57.131574+00:00
2024-05-21 00:00:00+00:00,1655.7766,v4,global,cgdi,futures/cgdi-index/history,2026-04-24T04:28:57.131574+00:00
2024-05-22 00:00:00+00:00,1710.2179,v4,global,cgdi,futures/cgdi-index/history,2026-04-24T04:28:57.131574+00:00
2024-05-23 00:00:00+00:00,1685.8368,v4,global,cgdi,futures/cgdi-index/history,2026-04-24T04:28:57.131574+00:00
2024-05-24 00:00:00+00:00,1636.8102,v4,global,cgdi,futures/cgdi-index/history,2026-04-24T04:28:57.131574+00:00
2024-05-25 00:00:00+00:00,1629.3273,v4,global,cgdi,futures/cgdi-index/history,2026-04-24T04:28:57.131574+00:00
2024-05-26 00:00:00+00:00,1672.3491,v4,global,cgdi,futures/cgdi-index/history,2026-04-24T04:28:57.131574+00:00
2024-05-27 00:00:00+00:00,1690.8692,v4,global,cgdi,futures/cgdi-index/history,2026-04-24T04:28:57.131574+00:00
2024-05-28 00:00:00+00:00,1743.7268,v4,global,cgdi,futures/cgdi-index/history,2026-04-24T04:28:57.131574+00:00
2024-05-29 00:00:00+00:00,1736.1635,v4,global,cgdi,futures/cgdi-index/history,2026-04-24T04:28:57.131574+00:00
2024-05-30 00:00:00+00:00,1725.1417,v4,global,cgdi,futures/cgdi-index/history,2026-04-24T04:28:57.131574+00:00
2024-05-31 00:00:00+00:00,1683.9448,v4,global,cgdi,futures/cgdi-index/history,2026-04-24T04:28:57.131574+00:00
2024-06-01 00:00:00+00:00,1700.7181,v4,global,cgdi,futures/cgdi-index/history,2026-04-24T04:28:57.131574+00:00
2024-06-02 00:00:00+00:00,1723.8124,v4,global,cgdi,futures/cgdi-index/history,2026-04-24T04:28:57.131574+00:00
2024-06-03 00:00:00+00:00,1713.659,v4,global,cgdi,futures/cgdi-index/history,2026-04-24T04:28:57.131574+00:00
2024-06-04 00:00:00+00:00,1748.1582,v4,global,cgdi,futures/cgdi-index/history,2026-04-24T04:28:57.131574+00:00
2024-06-05 00:00:00+00:00,1822.1655,v4,global,cgdi,futures/cgdi-index/history,2026-04-24T04:28:57.131574+00:00
2024-06-06 00:00:00+00:00,1868.838,v4,global,cgdi,futures/cgdi-index/history,2026-04-24T04:28:57.131574+00:00
2024-06-07 00:00:00+00:00,1850.0753,v4,global,cgdi,futures/cgdi-index/history,2026-04-24T04:28:57.131574+00:00
2024-06-08 00:00:00+00:00,1732.4686,v4,global,cgdi,futures/cgdi-index/history,2026-04-24T04:28:57.131574+00:00
2024-06-09 00:00:00+00:00,1714.6162,v4,global,cgdi,futures/cgdi-index/history,2026-04-24T04:28:57.131574+00:00
2024-06-10 00:00:00+00:00,1737.588,v4,global,cgdi,futures/cgdi-index/history,2026-04-24T04:28:57.131574+00:00
2024-06-11 00:00:00+00:00,1715.5186,v4,global,cgdi,futures/cgdi-index/history,2026-04-24T04:28:57.131574+00:00
2024-06-12 00:00:00+00:00,1644.3284,v4,global,cgdi,futures/cgdi-index/history,2026-04-24T04:28:57.131574+00:00
2024-06-13 00:00:00+00:00,1647.361,v4,global,cgdi,futures/cgdi-index/history,2026-04-24T04:28:57.131574+00:00
2024-06-14 00:00:00+00:00,1612.7928,v4,global,cgdi,futures/cgdi-index/history,2026-04-24T04:28:57.131574+00:00
2024-06-15 00:00:00+00:00,1593.6953,v4,global,cgdi,futures/cgdi-index/history,2026-04-24T04:28:57.131574+00:00
2024-06-16 00:00:00+00:00,1636.4758,v4,global,cgdi,futures/cgdi-index/history,2026-04-24T04:28:57.131574+00:00
2024-06-17 00:00:00+00:00,1660.348,v4,global,cgdi,futures/cgdi-index/history,2026-04-24T04:28:57.131574+00:00
2024-06-18 00:00:00+00:00,1586.9533,v4,global,cgdi,futures/cgdi-index/history,2026-04-24T04:28:57.131574+00:00
2024-06-19 00:00:00+00:00,1526.8712,v4,global,cgdi,futures/cgdi-index/history,2026-04-24T04:28:57.131574+00:00
2024-06-20 00:00:00+00:00,1551.5516,v4,global,cgdi,futures/cgdi-index/history,2026-04-24T04:28:57.131574+00:00
2024-06-21 00:00:00+00:00,1529.4,v4,global,cgdi,futures/cgdi-index/history,2026-04-24T04:28:57.131574+00:00
2024-06-22 00:00:00+00:00,1535.811,v4,global,cgdi,futures/cgdi-index/history,2026-04-24T04:28:57.131574+00:00
2024-06-23 00:00:00+00:00,1537.5604,v4,global,cgdi,futures/cgdi-index/history,2026-04-24T04:28:57.131574+00:00
2024-06-24 00:00:00+00:00,1512.285,v4,global,cgdi,futures/cgdi-index/history,2026-04-24T04:28:57.131574+00:00
2024-06-25 00:00:00+00:00,1491.3458,v4,global,cgdi,futures/cgdi-index/history,2026-04-24T04:28:57.131574+00:00
2024-06-26 00:00:00+00:00,1510.121,v4,global,cgdi,futures/cgdi-index/history,2026-04-24T04:28:57.131574+00:00
2024-06-27 00:00:00+00:00,1497.165,v4,global,cgdi,futures/cgdi-index/history,2026-04-24T04:28:57.131574+00:00
2024-06-28 00:00:00+00:00,1544.2586,v4,global,cgdi,futures/cgdi-index/history,2026-04-24T04:28:57.131574+00:00
2024-06-29 00:00:00+00:00,1509.0119,v4,global,cgdi,futures/cgdi-index/history,2026-04-24T04:28:57.131574+00:00
2024-06-30 00:00:00+00:00,1518.0308,v4,global,cgdi,futures/cgdi-index/history,2026-04-24T04:28:57.131574+00:00
2024-07-01 00:00:00+00:00,1567.4081,v4,global,cgdi,futures/cgdi-index/history,2026-04-24T04:28:57.131574+00:00
2024-07-02 00:00:00+00:00,1552.8961,v4,global,cgdi,futures/cgdi-index/history,2026-04-24T04:28:57.131574+00:00
2024-07-03 00:00:00+00:00,1584.468,v4,global,cgdi,futures/cgdi-index/history,2026-04-24T04:28:57.131574+00:00
2024-07-04 00:00:00+00:00,1532.6797,v4,global,cgdi,futures/cgdi-index/history,2026-04-24T04:28:57.131574+00:00
2024-07-05 00:00:00+00:00,1419.1469,v4,global,cgdi,futures/cgdi-index/history,2026-04-24T04:28:57.131574+00:00
2024-07-06 00:00:00+00:00,1302.8509,v4,global,cgdi,futures/cgdi-index/history,2026-04-24T04:28:57.131574+00:00
2024-07-07 00:00:00+00:00,1340.5057,v4,global,cgdi,futures/cgdi-index/history,2026-04-24T04:28:57.131574+00:00
2024-07-08 00:00:00+00:00,1281.1329,v4,global,cgdi,futures/cgdi-index/history,2026-04-24T04:28:57.131574+00:00
2024-07-09 00:00:00+00:00,1273.8561,v4,global,cgdi,futures/cgdi-index/history,2026-04-24T04:28:57.131574+00:00
2024-07-10 00:00:00+00:00,1327.3709,v4,global,cgdi,futures/cgdi-index/history,2026-04-24T04:28:57.131574+00:00
2024-07-11 00:00:00+00:00,1342.4086,v4,global,cgdi,futures/cgdi-index/history,2026-04-24T04:28:57.131574+00:00
2024-07-12 00:00:00+00:00,1349.7526,v4,global,cgdi,futures/cgdi-index/history,2026-04-24T04:28:57.131574+00:00
2024-07-13 00:00:00+00:00,1359.0963,v4,global,cgdi,futures/cgdi-index/history,2026-04-24T04:28:57.131574+00:00
2024-07-14 00:00:00+00:00,1397.5939,v4,global,cgdi,futures/cgdi-index/history,2026-04-24T04:28:57.131574+00:00
2024-07-15 00:00:00+00:00,1443.4827,v4,global,cgdi,futures/cgdi-index/history,2026-04-24T04:28:57.131574+00:00
2024-07-16 00:00:00+00:00,1541.5648,v4,global,cgdi,futures/cgdi-index/history,2026-04-24T04:28:57.131574+00:00
2024-07-17 00:00:00+00:00,1517.0597,v4,global,cgdi,futures/cgdi-index/history,2026-04-24T04:28:57.131574+00:00
2024-07-18 00:00:00+00:00,1499.8017,v4,global,cgdi,futures/cgdi-index/history,2026-04-24T04:28:57.131574+00:00
2024-07-19 00:00:00+00:00,1506.9109,v4,global,cgdi,futures/cgdi-index/history,2026-04-24T04:28:57.131574+00:00
2024-07-20 00:00:00+00:00,1602.9087,v4,global,cgdi,futures/cgdi-index/history,2026-04-24T04:28:57.131574+00:00
2024-07-21 00:00:00+00:00,1610.9129,v4,global,cgdi,futures/cgdi-index/history,2026-04-24T04:28:57.131574+00:00
2024-07-22 00:00:00+00:00,1626.181,v4,global,cgdi,futures/cgdi-index/history,2026-04-24T04:28:57.131574+00:00
2024-07-23 00:00:00+00:00,1591.4694,v4,global,cgdi,futures/cgdi-index/history,2026-04-24T04:28:57.131574+00:00
2024-07-24 00:00:00+00:00,1573.9574,v4,global,cgdi,futures/cgdi-index/history,2026-04-24T04:28:57.131574+00:00
2024-07-25 00:00:00+00:00,1558.4906,v4,global,cgdi,futures/cgdi-index/history,2026-04-24T04:28:57.131574+00:00
2024-07-26 00:00:00+00:00,1518.9328,v4,global,cgdi,futures/cgdi-index/history,2026-04-24T04:28:57.131574+00:00
2024-07-27 00:00:00+00:00,1591.3553,v4,global,cgdi,futures/cgdi-index/history,2026-04-24T04:28:57.131574+00:00
2024-07-28 00:00:00+00:00,1582.3542,v4,global,cgdi,futures/cgdi-index/history,2026-04-24T04:28:57.131574+00:00
2024-07-29 00:00:00+00:00,1598.4269,v4,global,cgdi,futures/cgdi-index/history,2026-04-24T04:28:57.131574+00:00
2024-07-30 00:00:00+00:00,1617.3346,v4,global,cgdi,futures/cgdi-index/history,2026-04-24T04:28:57.131574+00:00
2024-07-31 00:00:00+00:00,1589.1298,v4,global,cgdi,futures/cgdi-index/history,2026-04-24T04:28:57.131574+00:00
2024-08-01 00:00:00+00:00,1556.692,v4,global,cgdi,futures/cgdi-index/history,2026-04-24T04:28:57.131574+00:00
2024-08-02 00:00:00+00:00,1534.1416,v4,global,cgdi,futures/cgdi-index/history,2026-04-24T04:28:57.131574+00:00
2024-08-03 00:00:00+00:00,1444.0621,v4,global,cgdi,futures/cgdi-index/history,2026-04-24T04:28:57.131574+00:00
2024-08-04 00:00:00+00:00,1375.885,v4,global,cgdi,futures/cgdi-index/history,2026-04-24T04:28:57.131574+00:00
2024-08-05 00:00:00+00:00,1311.7528,v4,global,cgdi,futures/cgdi-index/history,2026-04-24T04:28:57.131574+00:00
2024-08-06 00:00:00+00:00,1053.9827,v4,global,cgdi,futures/cgdi-index/history,2026-04-24T04:28:57.131574+00:00
2024-08-07 00:00:00+00:00,1116.324,v4,global,cgdi,futures/cgdi-index/history,2026-04-24T04:28:57.131574+00:00
2024-08-08 00:00:00+00:00,1110.8229,v4,global,cgdi,futures/cgdi-index/history,2026-04-24T04:28:57.131574+00:00
2024-08-09 00:00:00+00:00,1202.206,v4,global,cgdi,futures/cgdi-index/history,2026-04-24T04:28:57.131574+00:00
2024-08-10 00:00:00+00:00,1170.5556,v4,global,cgdi,futures/cgdi-index/history,2026-04-24T04:28:57.131574+00:00
2024-08-11 00:00:00+00:00,1181.4799,v4,global,cgdi,futures/cgdi-index/history,2026-04-24T04:28:57.131574+00:00
2024-08-12 00:00:00+00:00,1140.8063,v4,global,cgdi,futures/cgdi-index/history,2026-04-24T04:28:57.131574+00:00
2024-08-13 00:00:00+00:00,1163.2255,v4,global,cgdi,futures/cgdi-index/history,2026-04-24T04:28:57.131574+00:00
2024-08-14 00:00:00+00:00,1188.8956,v4,global,cgdi,futures/cgdi-index/history,2026-04-24T04:28:57.131574+00:00
2024-08-15 00:00:00+00:00,1185.6651,v4,global,cgdi,futures/cgdi-index/history,2026-04-24T04:28:57.131574+00:00
2024-08-16 00:00:00+00:00,1173.2383,v4,global,cgdi,futures/cgdi-index/history,2026-04-24T04:28:57.131574+00:00
2024-08-17 00:00:00+00:00,1178.1382,v4,global,cgdi,futures/cgdi-index/history,2026-04-24T04:28:57.131574+00:00
2024-08-18 00:00:00+00:00,1197.86,v4,global,cgdi,futures/cgdi-index/history,2026-04-24T04:28:57.131574+00:00
2024-08-19 00:00:00+00:00,1186.3097,v4,global,cgdi,futures/cgdi-index/history,2026-04-24T04:28:57.131574+00:00
2024-08-20 00:00:00+00:00,1200.5223,v4,global,cgdi,futures/cgdi-index/history,2026-04-24T04:28:57.131574+00:00
2024-08-21 00:00:00+00:00,1208.8446,v4,global,cgdi,futures/cgdi-index/history,2026-04-24T04:28:57.131574+00:00
2024-08-22 00:00:00+00:00,1256.6586,v4,global,cgdi,futures/cgdi-index/history,2026-04-24T04:28:57.131574+00:00
2024-08-23 00:00:00+00:00,1251.427,v4,global,cgdi,futures/cgdi-index/history,2026-04-24T04:28:57.131574+00:00
2024-08-24 00:00:00+00:00,1343.5886,v4,global,cgdi,futures/cgdi-index/history,2026-04-24T04:28:57.131574+00:00
2024-08-25 00:00:00+00:00,1369.5391,v4,global,cgdi,futures/cgdi-index/history,2026-04-24T04:28:57.131574+00:00
2024-08-26 00:00:00+00:00,1371.9236,v4,global,cgdi,futures/cgdi-index/history,2026-04-24T04:28:57.131574+00:00
2024-08-27 00:00:00+00:00,1315.6219,v4,global,cgdi,futures/cgdi-index/history,2026-04-24T04:28:57.131574+00:00
2024-08-28 00:00:00+00:00,1212.234,v4,global,cgdi,futures/cgdi-index/history,2026-04-24T04:28:57.131574+00:00
2024-08-29 00:00:00+00:00,1192.5371,v4,global,cgdi,futures/cgdi-index/history,2026-04-24T04:28:57.131574+00:00
2024-08-30 00:00:00+00:00,1204.621,v4,global,cgdi,futures/cgdi-index/history,2026-04-24T04:28:57.131574+00:00
2024-08-31 00:00:00+00:00,1196.6338,v4,global,cgdi,futures/cgdi-index/history,2026-04-24T04:28:57.131574+00:00
2024-09-01 00:00:00+00:00,1194.687,v4,global,cgdi,futures/cgdi-index/history,2026-04-24T04:28:57.131574+00:00
2024-09-02 00:00:00+00:00,1153.6314,v4,global,cgdi,futures/cgdi-index/history,2026-04-24T04:28:57.131574+00:00
2024-09-03 00:00:00+00:00,1199.9457,v4,global,cgdi,futures/cgdi-index/history,2026-04-24T04:28:57.131574+00:00
2024-09-04 00:00:00+00:00,1185.1997,v4,global,cgdi,futures/cgdi-index/history,2026-04-24T04:28:57.131574+00:00
2024-09-05 00:00:00+00:00,1168.4241,v4,global,cgdi,futures/cgdi-index/history,2026-04-24T04:28:57.131574+00:00
2024-09-06 00:00:00+00:00,1164.7996,v4,global,cgdi,futures/cgdi-index/history,2026-04-24T04:28:57.131574+00:00
2024-09-07 00:00:00+00:00,1145.2448,v4,global,cgdi,futures/cgdi-index/history,2026-04-24T04:28:57.131574+00:00
2024-09-08 00:00:00+00:00,1147.3817,v4,global,cgdi,futures/cgdi-index/history,2026-04-24T04:28:57.131574+00:00
2024-09-09 00:00:00+00:00,1166.4923,v4,global,cgdi,futures/cgdi-index/history,2026-04-24T04:28:57.131574+00:00
2024-09-10 00:00:00+00:00,1205.4244,v4,global,cgdi,futures/cgdi-index/history,2026-04-24T04:28:57.131574+00:00
2024-09-11 00:00:00+00:00,1216.6955,v4,global,cgdi,futures/cgdi-index/history,2026-04-24T04:28:57.131574+00:00
2024-09-12 00:00:00+00:00,1207.2999,v4,global,cgdi,futures/cgdi-index/history,2026-04-24T04:28:57.131574+00:00
2024-09-13 00:00:00+00:00,1234.8268,v4,global,cgdi,futures/cgdi-index/history,2026-04-24T04:28:57.131574+00:00
2024-09-14 00:00:00+00:00,1305.9864,v4,global,cgdi,futures/cgdi-index/history,2026-04-24T04:28:57.131574+00:00
2024-09-15 00:00:00+00:00,1288.5815,v4,global,cgdi,futures/cgdi-index/history,2026-04-24T04:28:57.131574+00:00
2024-09-16 00:00:00+00:00,1250.8857,v4,global,cgdi,futures/cgdi-index/history,2026-04-24T04:28:57.131574+00:00
2024-09-17 00:00:00+00:00,1232.566,v4,global,cgdi,futures/cgdi-index/history,2026-04-24T04:28:57.131574+00:00
2024-09-18 00:00:00+00:00,1264.0015,v4,global,cgdi,futures/cgdi-index/history,2026-04-24T04:28:57.131574+00:00
2024-09-19 00:00:00+00:00,1292.3523,v4,global,cgdi,futures/cgdi-index/history,2026-04-24T04:28:57.131574+00:00
2024-09-20 00:00:00+00:00,1366.6219,v4,global,cgdi,futures/cgdi-index/history,2026-04-24T04:28:57.131574+00:00
2024-09-21 00:00:00+00:00,1391.679,v4,global,cgdi,futures/cgdi-index/history,2026-04-24T04:28:57.131574+00:00
2024-09-22 00:00:00+00:00,1423.4389,v4,global,cgdi,futures/cgdi-index/history,2026-04-24T04:28:57.131574+00:00
2024-09-23 00:00:00+00:00,1377.5604,v4,global,cgdi,futures/cgdi-index/history,2026-04-24T04:28:57.131574+00:00
2024-09-24 00:00:00+00:00,1423.408,v4,global,cgdi,futures/cgdi-index/history,2026-04-24T04:28:57.131574+00:00
2024-09-25 00:00:00+00:00,1472.2363,v4,global,cgdi,futures/cgdi-index/history,2026-04-24T04:28:57.131574+00:00
2024-09-26 00:00:00+00:00,1440.4854,v4,global,cgdi,futures/cgdi-index/history,2026-04-24T04:28:57.131574+00:00
2024-09-27 00:00:00+00:00,1489.7629,v4,global,cgdi,futures/cgdi-index/history,2026-04-24T04:28:57.131574+00:00
2024-09-28 00:00:00+00:00,1510.8006,v4,global,cgdi,futures/cgdi-index/history,2026-04-24T04:28:57.131574+00:00
2024-09-29 00:00:00+00:00,1513.276,v4,global,cgdi,futures/cgdi-index/history,2026-04-24T04:28:57.131574+00:00
2024-09-30 00:00:00+00:00,1519.5986,v4,global,cgdi,futures/cgdi-index/history,2026-04-24T04:28:57.131574+00:00
2024-10-01 00:00:00+00:00,1485.6866,v4,global,cgdi,futures/cgdi-index/history,2026-04-24T04:28:57.131574+00:00
2024-10-02 00:00:00+00:00,1392.1854,v4,global,cgdi,futures/cgdi-index/history,2026-04-24T04:28:57.131574+00:00
2024-10-03 00:00:00+00:00,1333.6324,v4,global,cgdi,futures/cgdi-index/history,2026-04-24T04:28:57.131574+00:00
2024-10-04 00:00:00+00:00,1332.7706,v4,global,cgdi,futures/cgdi-index/history,2026-04-24T04:28:57.131574+00:00
2024-10-05 00:00:00+00:00,1362.0646,v4,global,cgdi,futures/cgdi-index/history,2026-04-24T04:28:57.131574+00:00
2024-10-06 00:00:00+00:00,1361.0799,v4,global,cgdi,futures/cgdi-index/history,2026-04-24T04:28:57.131574+00:00
2024-10-07 00:00:00+00:00,1407.9306,v4,global,cgdi,futures/cgdi-index/history,2026-04-24T04:28:57.131574+00:00
2024-10-08 00:00:00+00:00,1369.8498,v4,global,cgdi,futures/cgdi-index/history,2026-04-24T04:28:57.131574+00:00
2024-10-09 00:00:00+00:00,1380.1893,v4,global,cgdi,futures/cgdi-index/history,2026-04-24T04:28:57.131574+00:00
2024-10-10 00:00:00+00:00,1380.0398,v4,global,cgdi,futures/cgdi-index/history,2026-04-24T04:28:57.131574+00:00
2024-10-11 00:00:00+00:00,1386.9371,v4,global,cgdi,futures/cgdi-index/history,2026-04-24T04:28:57.131574+00:00
2024-10-12 00:00:00+00:00,1439.704,v4,global,cgdi,futures/cgdi-index/history,2026-04-24T04:28:57.131574+00:00
2024-10-13 00:00:00+00:00,1481.1616,v4,global,cgdi,futures/cgdi-index/history,2026-04-24T04:28:57.131574+00:00
2024-10-14 00:00:00+00:00,1460.4899,v4,global,cgdi,futures/cgdi-index/history,2026-04-24T04:28:57.131574+00:00
2024-10-15 00:00:00+00:00,1604.2048,v4,global,cgdi,futures/cgdi-index/history,2026-04-24T04:28:57.131574+00:00
2024-10-16 00:00:00+00:00,1547.9313,v4,global,cgdi,futures/cgdi-index/history,2026-04-24T04:28:57.131574+00:00
2024-10-17 00:00:00+00:00,1587.2965,v4,global,cgdi,futures/cgdi-index/history,2026-04-24T04:28:57.131574+00:00
2024-10-18 00:00:00+00:00,1550.5226,v4,global,cgdi,futures/cgdi-index/history,2026-04-24T04:28:57.131574+00:00
2024-10-19 00:00:00+00:00,1622.0449,v4,global,cgdi,futures/cgdi-index/history,2026-04-24T04:28:57.131574+00:00
2024-10-20 00:00:00+00:00,1639.6425,v4,global,cgdi,futures/cgdi-index/history,2026-04-24T04:28:57.131574+00:00
2024-10-21 00:00:00+00:00,1690.0743,v4,global,cgdi,futures/cgdi-index/history,2026-04-24T04:28:57.131574+00:00
2024-10-22 00:00:00+00:00,1653.3299,v4,global,cgdi,futures/cgdi-index/history,2026-04-24T04:28:57.131574+00:00
2024-10-23 00:00:00+00:00,1646.3056,v4,global,cgdi,futures/cgdi-index/history,2026-04-24T04:28:57.131574+00:00
2024-10-24 00:00:00+00:00,1627.2723,v4,global,cgdi,futures/cgdi-index/history,2026-04-24T04:28:57.131574+00:00
2024-10-25 00:00:00+00:00,1660.6269,v4,global,cgdi,futures/cgdi-index/history,2026-04-24T04:28:57.131574+00:00
2024-10-26 00:00:00+00:00,1533.5819,v4,global,cgdi,futures/cgdi-index/history,2026-04-24T04:28:57.131574+00:00
2024-10-27 00:00:00+00:00,1558.465,v4,global,cgdi,futures/cgdi-index/history,2026-04-24T04:28:57.131574+00:00
2024-10-28 00:00:00+00:00,1604.6234,v4,global,cgdi,futures/cgdi-index/history,2026-04-24T04:28:57.131574+00:00
2024-10-29 00:00:00+00:00,1693.0592,v4,global,cgdi,futures/cgdi-index/history,2026-04-24T04:28:57.131574+00:00
2024-10-30 00:00:00+00:00,1773.9019,v4,global,cgdi,futures/cgdi-index/history,2026-04-24T04:28:57.131574+00:00
2024-10-31 00:00:00+00:00,1771.6699,v4,global,cgdi,futures/cgdi-index/history,2026-04-24T04:28:57.131574+00:00
2024-11-01 00:00:00+00:00,1707.3656,v4,global,cgdi,futures/cgdi-index/history,2026-04-24T04:28:57.131574+00:00
2024-11-02 00:00:00+00:00,1631.6011,v4,global,cgdi,futures/cgdi-index/history,2026-04-24T04:28:57.131574+00:00
2024-11-03 00:00:00+00:00,1625.9528,v4,global,cgdi,futures/cgdi-index/history,2026-04-24T04:28:57.131574+00:00
2024-11-04 00:00:00+00:00,1584.7152,v4,global,cgdi,futures/cgdi-index/history,2026-04-24T04:28:57.131574+00:00
2024-11-05 00:00:00+00:00,1560.1665,v4,global,cgdi,futures/cgdi-index/history,2026-04-24T04:28:57.131574+00:00
2024-11-06 00:00:00+00:00,1585.2099,v4,global,cgdi,futures/cgdi-index/history,2026-04-24T04:28:57.131574+00:00
2024-11-07 00:00:00+00:00,1858.1095,v4,global,cgdi,futures/cgdi-index/history,2026-04-24T04:28:57.131574+00:00
2024-11-08 00:00:00+00:00,1923.8048,v4,global,cgdi,futures/cgdi-index/history,2026-04-24T04:28:57.131574+00:00
2024-11-09 00:00:00+00:00,1964.7484,v4,global,cgdi,futures/cgdi-index/history,2026-04-24T04:28:57.131574+00:00
2024-11-10 00:00:00+00:00,2010.6534,v4,global,cgdi,futures/cgdi-index/history,2026-04-24T04:28:57.131574+00:00
2024-11-11 00:00:00+00:00,2053.9537,v4,global,cgdi,futures/cgdi-index/history,2026-04-24T04:28:57.131574+00:00
2024-11-12 00:00:00+00:00,2234.3325,v4,global,cgdi,futures/cgdi-index/history,2026-04-24T04:28:57.131574+00:00
2024-11-13 00:00:00+00:00,2177.1575,v4,global,cgdi,futures/cgdi-index/history,2026-04-24T04:28:57.131574+00:00
2024-11-14 00:00:00+00:00,2189.7038,v4,global,cgdi,futures/cgdi-index/history,2026-04-24T04:28:57.131574+00:00
2024-11-15 00:00:00+00:00,2169.0153,v4,global,cgdi,futures/cgdi-index/history,2026-04-24T04:28:57.131574+00:00
2024-11-16 00:00:00+00:00,2272.0433,v4,global,cgdi,futures/cgdi-index/history,2026-04-24T04:28:57.131574+00:00
2024-11-17 00:00:00+00:00,2305.0654,v4,global,cgdi,futures/cgdi-index/history,2026-04-24T04:28:57.131574+00:00
2024-11-18 00:00:00+00:00,2314.8863,v4,global,cgdi,futures/cgdi-index/history,2026-04-24T04:28:57.131574+00:00
2024-11-19 00:00:00+00:00,2374.2206,v4,global,cgdi,futures/cgdi-index/history,2026-04-24T04:28:57.131574+00:00
2024-11-20 00:00:00+00:00,2374.8219,v4,global,cgdi,futures/cgdi-index/history,2026-04-24T04:28:57.131574+00:00
2024-11-21 00:00:00+00:00,2387.0123,v4,global,cgdi,futures/cgdi-index/history,2026-04-24T04:28:57.131574+00:00
2024-11-22 00:00:00+00:00,2579.5688,v4,global,cgdi,futures/cgdi-index/history,2026-04-24T04:28:57.131574+00:00
2024-11-23 00:00:00+00:00,2633.1616,v4,global,cgdi,futures/cgdi-index/history,2026-04-24T04:28:57.131574+00:00
2024-11-24 00:00:00+00:00,2669.7571,v4,global,cgdi,futures/cgdi-index/history,2026-04-24T04:28:57.131574+00:00
2024-11-25 00:00:00+00:00,2665.0167,v4,global,cgdi,futures/cgdi-index/history,2026-04-24T04:28:57.131574+00:00
2024-11-26 00:00:00+00:00,2625.191,v4,global,cgdi,futures/cgdi-index/history,2026-04-24T04:28:57.131574+00:00
2024-11-27 00:00:00+00:00,2537.8634,v4,global,cgdi,futures/cgdi-index/history,2026-04-24T04:28:57.131574+00:00
2024-11-28 00:00:00+00:00,2707.9598,v4,global,cgdi,futures/cgdi-index/history,2026-04-24T04:28:57.131574+00:00
2024-11-29 00:00:00+00:00,2693.3773,v4,global,cgdi,futures/cgdi-index/history,2026-04-24T04:28:57.131574+00:00
2024-11-30 00:00:00+00:00,2791.7768,v4,global,cgdi,futures/cgdi-index/history,2026-04-24T04:28:57.131574+00:00
2024-12-01 00:00:00+00:00,2825.987,v4,global,cgdi,futures/cgdi-index/history,2026-04-24T04:28:57.131574+00:00
2024-12-02 00:00:00+00:00,2892.0592,v4,global,cgdi,futures/cgdi-index/history,2026-04-24T04:28:57.131574+00:00
2024-12-03 00:00:00+00:00,2889.9025,v4,global,cgdi,futures/cgdi-index/history,2026-04-24T04:28:57.131574+00:00
2024-12-04 00:00:00+00:00,2915.7834,v4,global,cgdi,futures/cgdi-index/history,2026-04-24T04:28:57.131574+00:00
2024-12-05 00:00:00+00:00,3078.3261,v4,global,cgdi,futures/cgdi-index/history,2026-04-24T04:28:57.131574+00:00
2024-12-06 00:00:00+00:00,3017.3111,v4,global,cgdi,futures/cgdi-index/history,2026-04-24T04:28:57.131574+00:00
2024-12-07 00:00:00+00:00,3144.3161,v4,global,cgdi,futures/cgdi-index/history,2026-04-24T04:28:57.131574+00:00
2024-12-08 00:00:00+00:00,3198.4608,v4,global,cgdi,futures/cgdi-index/history,2026-04-24T04:28:57.131574+00:00
2024-12-09 00:00:00+00:00,3216.5808,v4,global,cgdi,futures/cgdi-index/history,2026-04-24T04:28:57.131574+00:00
2024-12-10 00:00:00+00:00,2806.6114,v4,global,cgdi,futures/cgdi-index/history,2026-04-24T04:28:57.131574+00:00
2024-12-11 00:00:00+00:00,2684.5094,v4,global,cgdi,futures/cgdi-index/history,2026-04-24T04:28:57.131574+00:00
2024-12-12 00:00:00+00:00,2863.1984,v4,global,cgdi,futures/cgdi-index/history,2026-04-24T04:28:57.131574+00:00
2024-12-13 00:00:00+00:00,2875.0053,v4,global,cgdi,futures/cgdi-index/history,2026-04-24T04:28:57.131574+00:00
2024-12-14 00:00:00+00:00,2907.7428,v4,global,cgdi,futures/cgdi-index/history,2026-04-24T04:28:57.131574+00:00
2024-12-15 00:00:00+00:00,2878.8042,v4,global,cgdi,futures/cgdi-index/history,2026-04-24T04:28:57.131574+00:00
2024-12-16 00:00:00+00:00,3007.3353,v4,global,cgdi,futures/cgdi-index/history,2026-04-24T04:28:57.131574+00:00
2024-12-17 00:00:00+00:00,3007.9275,v4,global,cgdi,futures/cgdi-index/history,2026-04-24T04:28:57.131574+00:00
2024-12-18 00:00:00+00:00,2978.1193,v4,global,cgdi,futures/cgdi-index/history,2026-04-24T04:28:57.131574+00:00
2024-12-19 00:00:00+00:00,2778.3182,v4,global,cgdi,futures/cgdi-index/history,2026-04-24T04:28:57.131574+00:00
2024-12-20 00:00:00+00:00,2591.0871,v4,global,cgdi,futures/cgdi-index/history,2026-04-24T04:28:57.131574+00:00
2024-12-21 00:00:00+00:00,2461.4179,v4,global,cgdi,futures/cgdi-index/history,2026-04-24T04:28:57.131574+00:00
2024-12-22 00:00:00+00:00,2382.3289,v4,global,cgdi,futures/cgdi-index/history,2026-04-24T04:28:57.131574+00:00
2024-12-23 00:00:00+00:00,2347.8127,v4,global,cgdi,futures/cgdi-index/history,2026-04-24T04:28:57.131574+00:00
2024-12-24 00:00:00+00:00,2433.4046,v4,global,cgdi,futures/cgdi-index/history,2026-04-24T04:28:57.131574+00:00
2024-12-25 00:00:00+00:00,2510.8181,v4,global,cgdi,futures/cgdi-index/history,2026-04-24T04:28:57.131574+00:00
2024-12-26 00:00:00+00:00,2507.6478,v4,global,cgdi,futures/cgdi-index/history,2026-04-24T04:28:57.131574+00:00
2024-12-27 00:00:00+00:00,2368.9521,v4,global,cgdi,futures/cgdi-index/history,2026-04-24T04:28:57.131574+00:00
2024-12-28 00:00:00+00:00,2359.3614,v4,global,cgdi,futures/cgdi-index/history,2026-04-24T04:28:57.131574+00:00
2024-12-29 00:00:00+00:00,2416.1906,v4,global,cgdi,futures/cgdi-index/history,2026-04-24T04:28:57.131574+00:00
2024-12-30 00:00:00+00:00,2363.5594,v4,global,cgdi,futures/cgdi-index/history,2026-04-24T04:28:57.131574+00:00
2024-12-31 00:00:00+00:00,2370.1593,v4,global,cgdi,futures/cgdi-index/history,2026-04-24T04:28:57.131574+00:00
2025-01-01 00:00:00+00:00,2370.5443,v4,global,cgdi,futures/cgdi-index/history,2026-04-24T04:28:57.131574+00:00
2025-01-02 00:00:00+00:00,2444.633,v4,global,cgdi,futures/cgdi-index/history,2026-04-24T04:28:57.131574+00:00
2025-01-03 00:00:00+00:00,2532.4604,v4,global,cgdi,futures/cgdi-index/history,2026-04-24T04:28:57.131574+00:00
2025-01-04 00:00:00+00:00,2646.8056,v4,global,cgdi,futures/cgdi-index/history,2026-04-24T04:28:57.131574+00:00
2025-01-05 00:00:00+00:00,2654.8566,v4,global,cgdi,futures/cgdi-index/history,2026-04-24T04:28:57.131574+00:00
2025-01-06 00:00:00+00:00,2655.0165,v4,global,cgdi,futures/cgdi-index/history,2026-04-24T04:28:57.131574+00:00
2025-01-07 00:00:00+00:00,2777.9204,v4,global,cgdi,futures/cgdi-index/history,2026-04-24T04:28:57.131574+00:00
2025-01-08 00:00:00+00:00,2580.3803,v4,global,cgdi,futures/cgdi-index/history,2026-04-24T04:28:57.131574+00:00
2025-01-09 00:00:00+00:00,2508.9795,v4,global,cgdi,futures/cgdi-index/history,2026-04-24T04:28:57.131574+00:00
2025-01-10 00:00:00+00:00,2399.3152,v4,global,cgdi,futures/cgdi-index/history,2026-04-24T04:28:57.131574+00:00
2025-01-11 00:00:00+00:00,2432.1127,v4,global,cgdi,futures/cgdi-index/history,2026-04-24T04:28:57.131574+00:00
2025-01-12 00:00:00+00:00,2467.7207,v4,global,cgdi,futures/cgdi-index/history,2026-04-24T04:28:57.131574+00:00
2025-01-13 00:00:00+00:00,2455.5243,v4,global,cgdi,futures/cgdi-index/history,2026-04-24T04:28:57.131574+00:00
2025-01-14 00:00:00+00:00,2360.7828,v4,global,cgdi,futures/cgdi-index/history,2026-04-24T04:28:57.131574+00:00
2025-01-15 00:00:00+00:00,2425.4494,v4,global,cgdi,futures/cgdi-index/history,2026-04-24T04:28:57.131574+00:00
2025-01-16 00:00:00+00:00,2622.1434,v4,global,cgdi,futures/cgdi-index/history,2026-04-24T04:28:57.131574+00:00
2025-01-17 00:00:00+00:00,2596.9374,v4,global,cgdi,futures/cgdi-index/history,2026-04-24T04:28:57.131574+00:00
2025-01-18 00:00:00+00:00,2786.8862,v4,global,cgdi,futures/cgdi-index/history,2026-04-24T04:28:57.131574+00:00
2025-01-19 00:00:00+00:00,2740.956,v4,global,cgdi,futures/cgdi-index/history,2026-04-24T04:28:57.131574+00:00
2025-01-20 00:00:00+00:00,2584.3037,v4,global,cgdi,futures/cgdi-index/history,2026-04-24T04:28:57.131574+00:00
2025-01-21 00:00:00+00:00,2559.7311,v4,global,cgdi,futures/cgdi-index/history,2026-04-24T04:28:57.131574+00:00
2025-01-22 00:00:00+00:00,2650.3427,v4,global,cgdi,futures/cgdi-index/history,2026-04-24T04:28:57.131574+00:00
2025-01-23 00:00:00+00:00,2604.0894,v4,global,cgdi,futures/cgdi-index/history,2026-04-24T04:28:57.131574+00:00
2025-01-24 00:00:00+00:00,2597.498,v4,global,cgdi,futures/cgdi-index/history,2026-04-24T04:28:57.131574+00:00
2025-01-25 00:00:00+00:00,2587.5274,v4,global,cgdi,futures/cgdi-index/history,2026-04-24T04:28:57.131574+00:00
2025-01-26 00:00:00+00:00,2579.6324,v4,global,cgdi,futures/cgdi-index/history,2026-04-24T04:28:57.131574+00:00
2025-01-27 00:00:00+00:00,2537.7073,v4,global,cgdi,futures/cgdi-index/history,2026-04-24T04:28:57.131574+00:00
2025-01-28 00:00:00+00:00,2494.1862,v4,global,cgdi,futures/cgdi-index/history,2026-04-24T04:28:57.131574+00:00
2025-01-29 00:00:00+00:00,2422.4126,v4,global,cgdi,futures/cgdi-index/history,2026-04-24T04:28:57.131574+00:00
2025-01-30 00:00:00+00:00,2452.9171,v4,global,cgdi,futures/cgdi-index/history,2026-04-24T04:28:57.131574+00:00
2025-01-31 00:00:00+00:00,2543.192,v4,global,cgdi,futures/cgdi-index/history,2026-04-24T04:28:57.131574+00:00
2025-02-01 00:00:00+00:00,2561.3619,v4,global,cgdi,futures/cgdi-index/history,2026-04-24T04:28:57.131574+00:00
2025-02-02 00:00:00+00:00,2449.1262,v4,global,cgdi,futures/cgdi-index/history,2026-04-24T04:28:57.131574+00:00
2025-02-03 00:00:00+00:00,2303.1526,v4,global,cgdi,futures/cgdi-index/history,2026-04-24T04:28:57.131574+00:00
2025-02-04 00:00:00+00:00,2138.672,v4,global,cgdi,futures/cgdi-index/history,2026-04-24T04:28:57.131574+00:00
2025-02-05 00:00:00+00:00,1988.3916,v4,global,cgdi,futures/cgdi-index/history,2026-04-24T04:28:57.131574+00:00
2025-02-06 00:00:00+00:00,1972.0528,v4,global,cgdi,futures/cgdi-index/history,2026-04-24T04:28:57.131574+00:00
2025-02-07 00:00:00+00:00,1954.2187,v4,global,cgdi,futures/cgdi-index/history,2026-04-24T04:28:57.131574+00:00
2025-02-08 00:00:00+00:00,1936.7536,v4,global,cgdi,futures/cgdi-index/history,2026-04-24T04:28:57.131574+00:00
2025-02-09 00:00:00+00:00,1950.1441,v4,global,cgdi,futures/cgdi-index/history,2026-04-24T04:28:57.131574+00:00
2025-02-10 00:00:00+00:00,1928.1302,v4,global,cgdi,futures/cgdi-index/history,2026-04-24T04:28:57.131574+00:00
2025-02-11 00:00:00+00:00,1968.0602,v4,global,cgdi,futures/cgdi-index/history,2026-04-24T04:28:57.131574+00:00
2025-02-12 00:00:00+00:00,1989.3377,v4,global,cgdi,futures/cgdi-index/history,2026-04-24T04:28:57.131574+00:00
2025-02-13 00:00:00+00:00,2026.5047,v4,global,cgdi,futures/cgdi-index/history,2026-04-24T04:28:57.131574+00:00
2025-02-14 00:00:00+00:00,1989.5064,v4,global,cgdi,futures/cgdi-index/history,2026-04-24T04:28:57.131574+00:00
2025-02-15 00:00:00+00:00,2034.191,v4,global,cgdi,futures/cgdi-index/history,2026-04-24T04:28:57.131574+00:00
2025-02-16 00:00:00+00:00,2016.3538,v4,global,cgdi,futures/cgdi-index/history,2026-04-24T04:28:57.131574+00:00
2025-02-17 00:00:00+00:00,1999.5792,v4,global,cgdi,futures/cgdi-index/history,2026-04-24T04:28:57.131574+00:00
2025-02-18 00:00:00+00:00,2012.2092,v4,global,cgdi,futures/cgdi-index/history,2026-04-24T04:28:57.131574+00:00
2025-02-19 00:00:00+00:00,2037.5071,v4,global,cgdi,futures/cgdi-index/history,2026-04-24T04:28:57.131574+00:00
2025-02-20 00:00:00+00:00,2032.1455,v4,global,cgdi,futures/cgdi-index/history,2026-04-24T04:28:57.131574+00:00
2025-02-21 00:00:00+00:00,2109.6922,v4,global,cgdi,futures/cgdi-index/history,2026-04-24T04:28:57.131574+00:00
2025-02-22 00:00:00+00:00,1935.8982,v4,global,cgdi,futures/cgdi-index/history,2026-04-24T04:28:57.131574+00:00
2025-02-23 00:00:00+00:00,1929.4763,v4,global,cgdi,futures/cgdi-index/history,2026-04-24T04:28:57.131574+00:00
2025-02-24 00:00:00+00:00,1955.9808,v4,global,cgdi,futures/cgdi-index/history,2026-04-24T04:28:57.131574+00:00
2025-02-25 00:00:00+00:00,1881.3939,v4,global,cgdi,futures/cgdi-index/history,2026-04-24T04:28:57.131574+00:00
2025-02-26 00:00:00+00:00,1831.3206,v4,global,cgdi,futures/cgdi-index/history,2026-04-24T04:28:57.131574+00:00
2025-02-27 00:00:00+00:00,1751.6347,v4,global,cgdi,futures/cgdi-index/history,2026-04-24T04:28:57.131574+00:00
2025-02-28 00:00:00+00:00,1753.5533,v4,global,cgdi,futures/cgdi-index/history,2026-04-24T04:28:57.131574+00:00
2025-03-01 00:00:00+00:00,1682.141,v4,global,cgdi,futures/cgdi-index/history,2026-04-24T04:28:57.131574+00:00
2025-03-02 00:00:00+00:00,1683.144,v4,global,cgdi,futures/cgdi-index/history,2026-04-24T04:28:57.131574+00:00
2025-03-03 00:00:00+00:00,1903.006,v4,global,cgdi,futures/cgdi-index/history,2026-04-24T04:28:57.131574+00:00
2025-03-04 00:00:00+00:00,1633.8145,v4,global,cgdi,futures/cgdi-index/history,2026-04-24T04:28:57.131574+00:00
2025-03-05 00:00:00+00:00,1594.6613,v4,global,cgdi,futures/cgdi-index/history,2026-04-24T04:28:57.131574+00:00
2025-03-06 00:00:00+00:00,1674.8286,v4,global,cgdi,futures/cgdi-index/history,2026-04-24T04:28:57.131574+00:00
2025-03-07 00:00:00+00:00,1662.3947,v4,global,cgdi,futures/cgdi-index/history,2026-04-24T04:28:57.131574+00:00
2025-03-08 00:00:00+00:00,1628.9625,v4,global,cgdi,futures/cgdi-index/history,2026-04-24T04:28:57.131574+00:00
2025-03-09 00:00:00+00:00,1629.0928,v4,global,cgdi,futures/cgdi-index/history,2026-04-24T04:28:57.131574+00:00
2025-03-10 00:00:00+00:00,1565.1513,v4,global,cgdi,futures/cgdi-index/history,2026-04-24T04:28:57.131574+00:00
2025-03-11 00:00:00+00:00,1495.7522,v4,global,cgdi,futures/cgdi-index/history,2026-04-24T04:28:57.131574+00:00
2025-03-12 00:00:00+00:00,1515.7546,v4,global,cgdi,futures/cgdi-index/history,2026-04-24T04:28:57.131574+00:00
2025-03-13 00:00:00+00:00,1531.9145,v4,global,cgdi,futures/cgdi-index/history,2026-04-24T04:28:57.131574+00:00
2025-03-14 00:00:00+00:00,1529.5364,v4,global,cgdi,futures/cgdi-index/history,2026-04-24T04:28:57.131574+00:00
2025-03-15 00:00:00+00:00,1591.9771,v4,global,cgdi,futures/cgdi-index/history,2026-04-24T04:28:57.131574+00:00
2025-03-16 00:00:00+00:00,1607.368,v4,global,cgdi,futures/cgdi-index/history,2026-04-24T04:28:57.131574+00:00
2025-03-17 00:00:00+00:00,1521.7224,v4,global,cgdi,futures/cgdi-index/history,2026-04-24T04:28:57.131574+00:00
2025-03-18 00:00:00+00:00,1581.2249,v4,global,cgdi,futures/cgdi-index/history,2026-04-24T04:28:57.131574+00:00
2025-03-19 00:00:00+00:00,1572.7989,v4,global,cgdi,futures/cgdi-index/history,2026-04-24T04:28:57.131574+00:00
2025-03-20 00:00:00+00:00,1693.4694,v4,global,cgdi,futures/cgdi-index/history,2026-04-24T04:28:57.131574+00:00
2025-03-21 00:00:00+00:00,1589.4883,v4,global,cgdi,futures/cgdi-index/history,2026-04-24T04:28:57.131574+00:00
2025-03-22 00:00:00+00:00,1594.9874,v4,global,cgdi,futures/cgdi-index/history,2026-04-24T04:28:57.131574+00:00
2025-03-23 00:00:00+00:00,1595.7324,v4,global,cgdi,futures/cgdi-index/history,2026-04-24T04:28:57.131574+00:00
2025-03-24 00:00:00+00:00,1648.561,v4,global,cgdi,futures/cgdi-index/history,2026-04-24T04:28:57.131574+00:00
2025-03-25 00:00:00+00:00,1745.8354,v4,global,cgdi,futures/cgdi-index/history,2026-04-24T04:28:57.131574+00:00
2025-03-26 00:00:00+00:00,1735.7408,v4,global,cgdi,futures/cgdi-index/history,2026-04-24T04:28:57.131574+00:00
2025-03-27 00:00:00+00:00,1687.9902,v4,global,cgdi,futures/cgdi-index/history,2026-04-24T04:28:57.131574+00:00
2025-03-28 00:00:00+00:00,1685.5905,v4,global,cgdi,futures/cgdi-index/history,2026-04-24T04:28:57.131574+00:00
2025-03-29 00:00:00+00:00,1653.2389,v4,global,cgdi,futures/cgdi-index/history,2026-04-24T04:28:57.131574+00:00
2025-03-30 00:00:00+00:00,1589.1228,v4,global,cgdi,futures/cgdi-index/history,2026-04-24T04:28:57.131574+00:00
2025-03-31 00:00:00+00:00,1572.4332,v4,global,cgdi,futures/cgdi-index/history,2026-04-24T04:28:57.131574+00:00
2025-04-01 00:00:00+00:00,1568.7405,v4,global,cgdi,futures/cgdi-index/history,2026-04-24T04:28:57.131574+00:00
2025-04-02 00:00:00+00:00,1615.4639,v4,global,cgdi,futures/cgdi-index/history,2026-04-24T04:28:57.131574+00:00
2025-04-03 00:00:00+00:00,1525.885,v4,global,cgdi,futures/cgdi-index/history,2026-04-24T04:28:57.131574+00:00
2025-04-04 00:00:00+00:00,1564.5183,v4,global,cgdi,futures/cgdi-index/history,2026-04-24T04:28:57.131574+00:00
2025-04-05 00:00:00+00:00,1575.4116,v4,global,cgdi,futures/cgdi-index/history,2026-04-24T04:28:57.131574+00:00
2025-04-06 00:00:00+00:00,1560.5606,v4,global,cgdi,futures/cgdi-index/history,2026-04-24T04:28:57.131574+00:00
2025-04-07 00:00:00+00:00,1476.7615,v4,global,cgdi,futures/cgdi-index/history,2026-04-24T04:28:57.131574+00:00
2025-04-08 00:00:00+00:00,1416.0928,v4,global,cgdi,futures/cgdi-index/history,2026-04-24T04:28:57.131574+00:00
2025-04-09 00:00:00+00:00,1414.8546,v4,global,cgdi,futures/cgdi-index/history,2026-04-24T04:28:57.131574+00:00
2025-04-10 00:00:00+00:00,1524.2068,v4,global,cgdi,futures/cgdi-index/history,2026-04-24T04:28:57.131574+00:00
2025-04-11 00:00:00+00:00,1440.4282,v4,global,cgdi,futures/cgdi-index/history,2026-04-24T04:28:57.131574+00:00
2025-04-12 00:00:00+00:00,1546.1765,v4,global,cgdi,futures/cgdi-index/history,2026-04-24T04:28:57.131574+00:00
2025-04-13 00:00:00+00:00,1644.284,v4,global,cgdi,futures/cgdi-index/history,2026-04-24T04:28:57.131574+00:00
2025-04-14 00:00:00+00:00,1534.3862,v4,global,cgdi,futures/cgdi-index/history,2026-04-24T04:28:57.131574+00:00
2025-04-15 00:00:00+00:00,1537.5899,v4,global,cgdi,futures/cgdi-index/history,2026-04-24T04:28:57.131574+00:00
2025-04-16 00:00:00+00:00,1531.1481,v4,global,cgdi,futures/cgdi-index/history,2026-04-24T04:28:57.131574+00:00
2025-04-17 00:00:00+00:00,1517.1667,v4,global,cgdi,futures/cgdi-index/history,2026-04-24T04:28:57.131574+00:00
2025-04-18 00:00:00+00:00,1548.8374,v4,global,cgdi,futures/cgdi-index/history,2026-04-24T04:28:57.131574+00:00
2025-04-19 00:00:00+00:00,1547.3889,v4,global,cgdi,futures/cgdi-index/history,2026-04-24T04:28:57.131574+00:00
2025-04-20 00:00:00+00:00,1595.1435,v4,global,cgdi,futures/cgdi-index/history,2026-04-24T04:28:57.131574+00:00
2025-04-21 00:00:00+00:00,1575.3645,v4,global,cgdi,futures/cgdi-index/history,2026-04-24T04:28:57.131574+00:00
2025-04-22 00:00:00+00:00,1638.1699,v4,global,cgdi,futures/cgdi-index/history,2026-04-24T04:28:57.131574+00:00
2025-04-23 00:00:00+00:00,1810.8168,v4,global,cgdi,futures/cgdi-index/history,2026-04-24T04:28:57.131574+00:00
2025-04-24 00:00:00+00:00,1802.7315,v4,global,cgdi,futures/cgdi-index/history,2026-04-24T04:28:57.131574+00:00
2025-04-25 00:00:00+00:00,1831.2087,v4,global,cgdi,futures/cgdi-index/history,2026-04-24T04:28:57.131574+00:00
2025-04-26 00:00:00+00:00,1865.3016,v4,global,cgdi,futures/cgdi-index/history,2026-04-24T04:28:57.131574+00:00
2025-04-27 00:00:00+00:00,1861.9305,v4,global,cgdi,futures/cgdi-index/history,2026-04-24T04:28:57.131574+00:00
2025-04-28 00:00:00+00:00,1826.6232,v4,global,cgdi,futures/cgdi-index/history,2026-04-24T04:28:57.131574+00:00
2025-04-29 00:00:00+00:00,1824.6222,v4,global,cgdi,futures/cgdi-index/history,2026-04-24T04:28:57.131574+00:00
2025-04-30 00:00:00+00:00,1792.8604,v4,global,cgdi,futures/cgdi-index/history,2026-04-24T04:28:57.131574+00:00
2025-05-01 00:00:00+00:00,1771.3164,v4,global,cgdi,futures/cgdi-index/history,2026-04-24T04:28:57.131574+00:00
2025-05-02 00:00:00+00:00,1884.4696,v4,global,cgdi,futures/cgdi-index/history,2026-04-24T04:28:57.131574+00:00
2025-05-03 00:00:00+00:00,1851.5142,v4,global,cgdi,futures/cgdi-index/history,2026-04-24T04:28:57.131574+00:00
2025-05-04 00:00:00+00:00,1800.5054,v4,global,cgdi,futures/cgdi-index/history,2026-04-24T04:28:57.131574+00:00
2025-05-05 00:00:00+00:00,1765.4988,v4,global,cgdi,futures/cgdi-index/history,2026-04-24T04:28:57.131574+00:00
2025-05-06 00:00:00+00:00,1767.5245,v4,global,cgdi,futures/cgdi-index/history,2026-04-24T04:28:57.131574+00:00
2025-05-07 00:00:00+00:00,1787.8499,v4,global,cgdi,futures/cgdi-index/history,2026-04-24T04:28:57.131574+00:00
2025-05-08 00:00:00+00:00,1798.1678,v4,global,cgdi,futures/cgdi-index/history,2026-04-24T04:28:57.131574+00:00
2025-05-09 00:00:00+00:00,1981.4704,v4,global,cgdi,futures/cgdi-index/history,2026-04-24T04:28:57.131574+00:00
2025-05-10 00:00:00+00:00,2019.044,v4,global,cgdi,futures/cgdi-index/history,2026-04-24T04:28:57.131574+00:00
2025-05-11 00:00:00+00:00,2164.8958,v4,global,cgdi,futures/cgdi-index/history,2026-04-24T04:28:57.131574+00:00
2025-05-12 00:00:00+00:00,2119.9554,v4,global,cgdi,futures/cgdi-index/history,2026-04-24T04:28:57.131574+00:00
2025-05-13 00:00:00+00:00,2147.3966,v4,global,cgdi,futures/cgdi-index/history,2026-04-24T04:28:57.131574+00:00
2025-05-14 00:00:00+00:00,2250.2871,v4,global,cgdi,futures/cgdi-index/history,2026-04-24T04:28:57.131574+00:00
2025-05-15 00:00:00+00:00,2183.9769,v4,global,cgdi,futures/cgdi-index/history,2026-04-24T04:28:57.131574+00:00
2025-05-16 00:00:00+00:00,2105.4307,v4,global,cgdi,futures/cgdi-index/history,2026-04-24T04:28:57.131574+00:00
2025-05-17 00:00:00+00:00,2110.4621,v4,global,cgdi,futures/cgdi-index/history,2026-04-24T04:28:57.131574+00:00
2025-05-18 00:00:00+00:00,2065.6753,v4,global,cgdi,futures/cgdi-index/history,2026-04-24T04:28:57.131574+00:00
2025-05-19 00:00:00+00:00,2132.4517,v4,global,cgdi,futures/cgdi-index/history,2026-04-24T04:28:57.131574+00:00
2025-05-20 00:00:00+00:00,2133.6377,v4,global,cgdi,futures/cgdi-index/history,2026-04-24T04:28:57.131574+00:00
2025-05-21 00:00:00+00:00,2155.7009,v4,global,cgdi,futures/cgdi-index/history,2026-04-24T04:28:57.131574+00:00
2025-05-22 00:00:00+00:00,2231.6289,v4,global,cgdi,futures/cgdi-index/history,2026-04-24T04:28:57.131574+00:00
2025-05-23 00:00:00+00:00,2384.4748,v4,global,cgdi,futures/cgdi-index/history,2026-04-24T04:28:57.131574+00:00
2025-05-24 00:00:00+00:00,2238.7568,v4,global,cgdi,futures/cgdi-index/history,2026-04-24T04:28:57.131574+00:00
2025-05-25 00:00:00+00:00,2280.6088,v4,global,cgdi,futures/cgdi-index/history,2026-04-24T04:28:57.131574+00:00
2025-05-26 00:00:00+00:00,2308.2702,v4,global,cgdi,futures/cgdi-index/history,2026-04-24T04:28:57.131574+00:00
2025-05-27 00:00:00+00:00,2316.3793,v4,global,cgdi,futures/cgdi-index/history,2026-04-24T04:28:57.131574+00:00
2025-05-28 00:00:00+00:00,2388.9241,v4,global,cgdi,futures/cgdi-index/history,2026-04-24T04:28:57.131574+00:00
2025-05-29 00:00:00+00:00,2409.5939,v4,global,cgdi,futures/cgdi-index/history,2026-04-24T04:28:57.131574+00:00
2025-05-30 00:00:00+00:00,2376.8385,v4,global,cgdi,futures/cgdi-index/history,2026-04-24T04:28:57.131574+00:00
2025-05-31 00:00:00+00:00,2199.8987,v4,global,cgdi,futures/cgdi-index/history,2026-04-24T04:28:57.131574+00:00
2025-06-01 00:00:00+00:00,2200.9718,v4,global,cgdi,futures/cgdi-index/history,2026-04-24T04:28:57.131574+00:00
2025-06-02 00:00:00+00:00,2205.9803,v4,global,cgdi,futures/cgdi-index/history,2026-04-24T04:28:57.131574+00:00
2025-06-03 00:00:00+00:00,2230.9173,v4,global,cgdi,futures/cgdi-index/history,2026-04-24T04:28:57.131574+00:00
2025-06-04 00:00:00+00:00,2219.2147,v4,global,cgdi,futures/cgdi-index/history,2026-04-24T04:28:57.131574+00:00
2025-06-05 00:00:00+00:00,2213.9234,v4,global,cgdi,futures/cgdi-index/history,2026-04-24T04:28:57.131574+00:00
2025-06-06 00:00:00+00:00,2140.3256,v4,global,cgdi,futures/cgdi-index/history,2026-04-24T04:28:57.131574+00:00
2025-06-07 00:00:00+00:00,2170.8341,v4,global,cgdi,futures/cgdi-index/history,2026-04-24T04:28:57.131574+00:00
2025-06-08 00:00:00+00:00,2196.5055,v4,global,cgdi,futures/cgdi-index/history,2026-04-24T04:28:57.131574+00:00
2025-06-09 00:00:00+00:00,2193.5523,v4,global,cgdi,futures/cgdi-index/history,2026-04-24T04:28:57.131574+00:00
2025-06-10 00:00:00+00:00,2331.0723,v4,global,cgdi,futures/cgdi-index/history,2026-04-24T04:28:57.131574+00:00
2025-06-11 00:00:00+00:00,2436.7464,v4,global,cgdi,futures/cgdi-index/history,2026-04-24T04:28:57.131574+00:00
2025-06-12 00:00:00+00:00,2377.4597,v4,global,cgdi,futures/cgdi-index/history,2026-04-24T04:28:57.131574+00:00
2025-06-13 00:00:00+00:00,2229.6712,v4,global,cgdi,futures/cgdi-index/history,2026-04-24T04:28:57.131574+00:00
2025-06-14 00:00:00+00:00,2151.2619,v4,global,cgdi,futures/cgdi-index/history,2026-04-24T04:28:57.131574+00:00
2025-06-15 00:00:00+00:00,2121.4154,v4,global,cgdi,futures/cgdi-index/history,2026-04-24T04:28:57.131574+00:00
2025-06-16 00:00:00+00:00,2133.2062,v4,global,cgdi,futures/cgdi-index/history,2026-04-24T04:28:57.131574+00:00
2025-06-17 00:00:00+00:00,2150.7914,v4,global,cgdi,futures/cgdi-index/history,2026-04-24T04:28:57.131574+00:00
2025-06-18 00:00:00+00:00,2127.4093,v4,global,cgdi,futures/cgdi-index/history,2026-04-24T04:28:57.131574+00:00
2025-06-19 00:00:00+00:00,2112.7573,v4,global,cgdi,futures/cgdi-index/history,2026-04-24T04:28:57.131574+00:00
2025-06-20 00:00:00+00:00,2141.7056,v4,global,cgdi,futures/cgdi-index/history,2026-04-24T04:28:57.131574+00:00
2025-06-21 00:00:00+00:00,2114.9822,v4,global,cgdi,futures/cgdi-index/history,2026-04-24T04:28:57.131574+00:00
2025-06-22 00:00:00+00:00,2019.1655,v4,global,cgdi,futures/cgdi-index/history,2026-04-24T04:28:57.131574+00:00
2025-06-23 00:00:00+00:00,1977.7675,v4,global,cgdi,futures/cgdi-index/history,2026-04-24T04:28:57.131574+00:00
2025-06-24 00:00:00+00:00,2008.3536,v4,global,cgdi,futures/cgdi-index/history,2026-04-24T04:28:57.131574+00:00
2025-06-25 00:00:00+00:00,2060.3479,v4,global,cgdi,futures/cgdi-index/history,2026-04-24T04:28:57.131574+00:00
2025-06-26 00:00:00+00:00,2070.5513,v4,global,cgdi,futures/cgdi-index/history,2026-04-24T04:28:57.131574+00:00
2025-06-27 00:00:00+00:00,2051.0535,v4,global,cgdi,futures/cgdi-index/history,2026-04-24T04:28:57.131574+00:00
2025-06-28 00:00:00+00:00,2029.3151,v4,global,cgdi,futures/cgdi-index/history,2026-04-24T04:28:57.131574+00:00
2025-06-29 00:00:00+00:00,2069.2382,v4,global,cgdi,futures/cgdi-index/history,2026-04-24T04:28:57.131574+00:00
2025-06-30 00:00:00+00:00,2131.0576,v4,global,cgdi,futures/cgdi-index/history,2026-04-24T04:28:57.131574+00:00
2025-07-01 00:00:00+00:00,2124.5067,v4,global,cgdi,futures/cgdi-index/history,2026-04-24T04:28:57.131574+00:00
2025-07-02 00:00:00+00:00,2072.3229,v4,global,cgdi,futures/cgdi-index/history,2026-04-24T04:28:57.131574+00:00
2025-07-03 00:00:00+00:00,2241.5718,v4,global,cgdi,futures/cgdi-index/history,2026-04-24T04:28:57.131574+00:00
2025-07-04 00:00:00+00:00,2279.115,v4,global,cgdi,futures/cgdi-index/history,2026-04-24T04:28:57.131574+00:00
2025-07-05 00:00:00+00:00,2172.629,v4,global,cgdi,futures/cgdi-index/history,2026-04-24T04:28:57.131574+00:00
2025-07-06 00:00:00+00:00,2174.7507,v4,global,cgdi,futures/cgdi-index/history,2026-04-24T04:28:57.131574+00:00
2025-07-07 00:00:00+00:00,2207.2529,v4,global,cgdi,futures/cgdi-index/history,2026-04-24T04:28:57.131574+00:00
2025-07-08 00:00:00+00:00,2190.7977,v4,global,cgdi,futures/cgdi-index/history,2026-04-24T04:28:57.131574+00:00
2025-07-09 00:00:00+00:00,2235.9041,v4,global,cgdi,futures/cgdi-index/history,2026-04-24T04:28:57.131574+00:00
2025-07-10 00:00:00+00:00,2422.1274,v4,global,cgdi,futures/cgdi-index/history,2026-04-24T04:28:57.131574+00:00
2025-07-11 00:00:00+00:00,2514.494,v4,global,cgdi,futures/cgdi-index/history,2026-04-24T04:28:57.131574+00:00
2025-07-12 00:00:00+00:00,2578.4905,v4,global,cgdi,futures/cgdi-index/history,2026-04-24T04:28:57.131574+00:00
2025-07-13 00:00:00+00:00,2568.4125,v4,global,cgdi,futures/cgdi-index/history,2026-04-24T04:28:57.131574+00:00
2025-07-14 00:00:00+00:00,2631.7158,v4,global,cgdi,futures/cgdi-index/history,2026-04-24T04:28:57.131574+00:00
2025-07-15 00:00:00+00:00,2739.0589,v4,global,cgdi,futures/cgdi-index/history,2026-04-24T04:28:57.131574+00:00
2025-07-16 00:00:00+00:00,2778.5849,v4,global,cgdi,futures/cgdi-index/history,2026-04-24T04:28:57.131574+00:00
2025-07-17 00:00:00+00:00,2859.6312,v4,global,cgdi,futures/cgdi-index/history,2026-04-24T04:28:57.131574+00:00
2025-07-18 00:00:00+00:00,2886.7795,v4,global,cgdi,futures/cgdi-index/history,2026-04-24T04:28:57.131574+00:00
2025-07-19 00:00:00+00:00,2896.833,v4,global,cgdi,futures/cgdi-index/history,2026-04-24T04:28:57.131574+00:00
2025-07-20 00:00:00+00:00,2921.2704,v4,global,cgdi,futures/cgdi-index/history,2026-04-24T04:28:57.131574+00:00
2025-07-21 00:00:00+00:00,3057.5673,v4,global,cgdi,futures/cgdi-index/history,2026-04-24T04:28:57.131574+00:00
2025-07-22 00:00:00+00:00,3131.2806,v4,global,cgdi,futures/cgdi-index/history,2026-04-24T04:28:57.131574+00:00
2025-07-23 00:00:00+00:00,3107.4803,v4,global,cgdi,futures/cgdi-index/history,2026-04-24T04:28:57.131574+00:00
2025-07-24 00:00:00+00:00,2924.684,v4,global,cgdi,futures/cgdi-index/history,2026-04-24T04:28:57.131574+00:00
2025-07-25 00:00:00+00:00,2886.7279,v4,global,cgdi,futures/cgdi-index/history,2026-04-24T04:28:57.131574+00:00
2025-07-26 00:00:00+00:00,2992.8203,v4,global,cgdi,futures/cgdi-index/history,2026-04-24T04:28:57.131574+00:00
2025-07-27 00:00:00+00:00,2983.5482,v4,global,cgdi,futures/cgdi-index/history,2026-04-24T04:28:57.131574+00:00
2025-07-28 00:00:00+00:00,3105.0815,v4,global,cgdi,futures/cgdi-index/history,2026-04-24T04:28:57.131574+00:00
2025-07-29 00:00:00+00:00,3009.8527,v4,global,cgdi,futures/cgdi-index/history,2026-04-24T04:28:57.131574+00:00
2025-07-30 00:00:00+00:00,2968.9369,v4,global,cgdi,futures/cgdi-index/history,2026-04-24T04:28:57.131574+00:00
2025-07-31 00:00:00+00:00,2949.6035,v4,global,cgdi,futures/cgdi-index/history,2026-04-24T04:28:57.131574+00:00
2025-08-01 00:00:00+00:00,2876.9169,v4,global,cgdi,futures/cgdi-index/history,2026-04-24T04:28:57.131574+00:00
2025-08-02 00:00:00+00:00,2765.0307,v4,global,cgdi,futures/cgdi-index/history,2026-04-24T04:28:57.131574+00:00
2025-08-03 00:00:00+00:00,2692.1318,v4,global,cgdi,futures/cgdi-index/history,2026-04-24T04:28:57.131574+00:00
2025-08-04 00:00:00+00:00,2733.9768,v4,global,cgdi,futures/cgdi-index/history,2026-04-24T04:28:57.131574+00:00
2025-08-05 00:00:00+00:00,2787.5112,v4,global,cgdi,futures/cgdi-index/history,2026-04-24T04:28:57.131574+00:00
2025-08-06 00:00:00+00:00,2709.2223,v4,global,cgdi,futures/cgdi-index/history,2026-04-24T04:28:57.131574+00:00
2025-08-07 00:00:00+00:00,2730.6494,v4,global,cgdi,futures/cgdi-index/history,2026-04-24T04:28:57.131574+00:00
2025-08-08 00:00:00+00:00,2901.8807,v4,global,cgdi,futures/cgdi-index/history,2026-04-24T04:28:57.131574+00:00
2025-08-09 00:00:00+00:00,2979.6833,v4,global,cgdi,futures/cgdi-index/history,2026-04-24T04:28:57.131574+00:00
2025-08-10 00:00:00+00:00,3112.6607,v4,global,cgdi,futures/cgdi-index/history,2026-04-24T04:28:57.131574+00:00
2025-08-11 00:00:00+00:00,3113.8744,v4,global,cgdi,futures/cgdi-index/history,2026-04-24T04:28:57.131574+00:00
2025-08-12 00:00:00+00:00,3053.8926,v4,global,cgdi,futures/cgdi-index/history,2026-04-24T04:28:57.131574+00:00
2025-08-13 00:00:00+00:00,3287.4826,v4,global,cgdi,futures/cgdi-index/history,2026-04-24T04:28:57.131574+00:00
2025-08-14 00:00:00+00:00,3453.4076,v4,global,cgdi,futures/cgdi-index/history,2026-04-24T04:28:57.131574+00:00
2025-08-15 00:00:00+00:00,3240.8484,v4,global,cgdi,futures/cgdi-index/history,2026-04-24T04:28:57.131574+00:00
2025-08-16 00:00:00+00:00,3153.3083,v4,global,cgdi,futures/cgdi-index/history,2026-04-24T04:28:57.131574+00:00
2025-08-17 00:00:00+00:00,3175.4272,v4,global,cgdi,futures/cgdi-index/history,2026-04-24T04:28:57.131574+00:00
2025-08-18 00:00:00+00:00,3178.2546,v4,global,cgdi,futures/cgdi-index/history,2026-04-24T04:28:57.131574+00:00
2025-08-19 00:00:00+00:00,3075.7946,v4,global,cgdi,futures/cgdi-index/history,2026-04-24T04:28:57.131574+00:00
2025-08-20 00:00:00+00:00,3009.7271,v4,global,cgdi,futures/cgdi-index/history,2026-04-24T04:28:57.131574+00:00
2025-08-21 00:00:00+00:00,3063.3201,v4,global,cgdi,futures/cgdi-index/history,2026-04-24T04:28:57.131574+00:00
2025-08-22 00:00:00+00:00,3024.4793,v4,global,cgdi,futures/cgdi-index/history,2026-04-24T04:28:57.131574+00:00
2025-08-23 00:00:00+00:00,3350.1794,v4,global,cgdi,futures/cgdi-index/history,2026-04-24T04:28:57.131574+00:00
2025-08-24 00:00:00+00:00,3382.4342,v4,global,cgdi,futures/cgdi-index/history,2026-04-24T04:28:57.131574+00:00
2025-08-25 00:00:00+00:00,3350.3339,v4,global,cgdi,futures/cgdi-index/history,2026-04-24T04:28:57.131574+00:00
2025-08-26 00:00:00+00:00,3061.233,v4,global,cgdi,futures/cgdi-index/history,2026-04-24T04:28:57.131574+00:00
2025-08-27 00:00:00+00:00,3117.3512,v4,global,cgdi,futures/cgdi-index/history,2026-04-24T04:28:57.131574+00:00
2025-08-28 00:00:00+00:00,3082.6952,v4,global,cgdi,futures/cgdi-index/history,2026-04-24T04:28:57.131574+00:00
2025-08-29 00:00:00+00:00,3144.7328,v4,global,cgdi,futures/cgdi-index/history,2026-04-24T04:28:57.131574+00:00
2025-08-30 00:00:00+00:00,3092.7199,v4,global,cgdi,futures/cgdi-index/history,2026-04-24T04:28:57.131574+00:00
2025-08-31 00:00:00+00:00,3098.0446,v4,global,cgdi,futures/cgdi-index/history,2026-04-24T04:28:57.131574+00:00
2025-09-01 00:00:00+00:00,3072.3015,v4,global,cgdi,futures/cgdi-index/history,2026-04-24T04:28:57.131574+00:00
2025-09-02 00:00:00+00:00,3033.8304,v4,global,cgdi,futures/cgdi-index/history,2026-04-24T04:28:57.131574+00:00
2025-09-03 00:00:00+00:00,3118.1778,v4,global,cgdi,futures/cgdi-index/history,2026-04-24T04:28:57.131574+00:00
2025-09-04 00:00:00+00:00,3188.4338,v4,global,cgdi,futures/cgdi-index/history,2026-04-24T04:28:57.131574+00:00
2025-09-05 00:00:00+00:00,3089.8482,v4,global,cgdi,futures/cgdi-index/history,2026-04-24T04:28:57.131574+00:00
2025-09-06 00:00:00+00:00,3101.1701,v4,global,cgdi,futures/cgdi-index/history,2026-04-24T04:28:57.131574+00:00
2025-09-07 00:00:00+00:00,3113.8399,v4,global,cgdi,futures/cgdi-index/history,2026-04-24T04:28:57.131574+00:00
2025-09-08 00:00:00+00:00,3160.9507,v4,global,cgdi,futures/cgdi-index/history,2026-04-24T04:28:57.131574+00:00
2025-09-09 00:00:00+00:00,3250.323,v4,global,cgdi,futures/cgdi-index/history,2026-04-24T04:28:57.131574+00:00
2025-09-10 00:00:00+00:00,3312.8353,v4,global,cgdi,futures/cgdi-index/history,2026-04-24T04:28:57.131574+00:00
2025-09-11 00:00:00+00:00,3353.1636,v4,global,cgdi,futures/cgdi-index/history,2026-04-24T04:28:57.131574+00:00
2025-09-12 00:00:00+00:00,3422.9106,v4,global,cgdi,futures/cgdi-index/history,2026-04-24T04:28:57.131574+00:00
2025-09-13 00:00:00+00:00,3550.7656,v4,global,cgdi,futures/cgdi-index/history,2026-04-24T04:28:57.131574+00:00
2025-09-14 00:00:00+00:00,3511.5439,v4,global,cgdi,futures/cgdi-index/history,2026-04-24T04:28:57.131574+00:00
2025-09-15 00:00:00+00:00,3445.7268,v4,global,cgdi,futures/cgdi-index/history,2026-04-24T04:28:57.131574+00:00
2025-09-16 00:00:00+00:00,3388.3121,v4,global,cgdi,futures/cgdi-index/history,2026-04-24T04:28:57.131574+00:00
2025-09-17 00:00:00+00:00,3401.1933,v4,global,cgdi,futures/cgdi-index/history,2026-04-24T04:28:57.131574+00:00
2025-09-18 00:00:00+00:00,3426.0384,v4,global,cgdi,futures/cgdi-index/history,2026-04-24T04:28:57.131574+00:00
2025-09-19 00:00:00+00:00,3498.7458,v4,global,cgdi,futures/cgdi-index/history,2026-04-24T04:28:57.131574+00:00
2025-09-20 00:00:00+00:00,3462.3532,v4,global,cgdi,futures/cgdi-index/history,2026-04-24T04:28:57.131574+00:00
2025-09-21 00:00:00+00:00,3482.6889,v4,global,cgdi,futures/cgdi-index/history,2026-04-24T04:28:57.131574+00:00
2025-09-22 00:00:00+00:00,3448.3206,v4,global,cgdi,futures/cgdi-index/history,2026-04-24T04:28:57.131574+00:00
2025-09-23 00:00:00+00:00,3164.9487,v4,global,cgdi,futures/cgdi-index/history,2026-04-24T04:28:57.131574+00:00
2025-09-24 00:00:00+00:00,3136.8591,v4,global,cgdi,futures/cgdi-index/history,2026-04-24T04:28:57.131574+00:00
2025-09-25 00:00:00+00:00,3160.5733,v4,global,cgdi,futures/cgdi-index/history,2026-04-24T04:28:57.131574+00:00
2025-09-26 00:00:00+00:00,2993.2194,v4,global,cgdi,futures/cgdi-index/history,2026-04-24T04:28:57.131574+00:00
2025-09-27 00:00:00+00:00,3036.7294,v4,global,cgdi,futures/cgdi-index/history,2026-04-24T04:28:57.131574+00:00
2025-09-28 00:00:00+00:00,3013.5886,v4,global,cgdi,futures/cgdi-index/history,2026-04-24T04:28:57.131574+00:00
2025-09-29 00:00:00+00:00,3078.5926,v4,global,cgdi,futures/cgdi-index/history,2026-04-24T04:28:57.131574+00:00
2025-09-30 00:00:00+00:00,3118.4229,v4,global,cgdi,futures/cgdi-index/history,2026-04-24T04:28:57.131574+00:00
2025-10-01 00:00:00+00:00,3059.2706,v4,global,cgdi,futures/cgdi-index/history,2026-04-24T04:28:57.131574+00:00
2025-10-02 00:00:00+00:00,3240.0492,v4,global,cgdi,futures/cgdi-index/history,2026-04-24T04:28:57.131574+00:00
2025-10-03 00:00:00+00:00,3375.586,v4,global,cgdi,futures/cgdi-index/history,2026-04-24T04:28:57.131574+00:00
2025-10-04 00:00:00+00:00,3390.5536,v4,global,cgdi,futures/cgdi-index/history,2026-04-24T04:28:57.131574+00:00
2025-10-05 00:00:00+00:00,3378.0487,v4,global,cgdi,futures/cgdi-index/history,2026-04-24T04:28:57.131574+00:00
2025-10-06 00:00:00+00:00,3428.0423,v4,global,cgdi,futures/cgdi-index/history,2026-04-24T04:28:57.131574+00:00
2025-10-07 00:00:00+00:00,3550.0908,v4,global,cgdi,futures/cgdi-index/history,2026-04-24T04:28:57.131574+00:00
2025-10-08 00:00:00+00:00,3361.3646,v4,global,cgdi,futures/cgdi-index/history,2026-04-24T04:28:57.131574+00:00
2025-10-09 00:00:00+00:00,3395.9227,v4,global,cgdi,futures/cgdi-index/history,2026-04-24T04:28:57.131574+00:00
2025-10-10 00:00:00+00:00,3346.6018,v4,global,cgdi,futures/cgdi-index/history,2026-04-24T04:28:57.131574+00:00
2025-10-11 00:00:00+00:00,2319.3177,v4,global,cgdi,futures/cgdi-index/history,2026-04-24T04:28:57.131574+00:00
2025-10-12 00:00:00+00:00,2168.1404,v4,global,cgdi,futures/cgdi-index/history,2026-04-24T04:28:57.131574+00:00
2025-10-13 00:00:00+00:00,2348.9766,v4,global,cgdi,futures/cgdi-index/history,2026-04-24T04:28:57.131574+00:00
2025-10-14 00:00:00+00:00,2364.8394,v4,global,cgdi,futures/cgdi-index/history,2026-04-24T04:28:57.131574+00:00
2025-10-15 00:00:00+00:00,2277.6613,v4,global,cgdi,futures/cgdi-index/history,2026-04-24T04:28:57.131574+00:00
2025-10-16 00:00:00+00:00,2230.4464,v4,global,cgdi,futures/cgdi-index/history,2026-04-24T04:28:57.131574+00:00
2025-10-17 00:00:00+00:00,2198.7604,v4,global,cgdi,futures/cgdi-index/history,2026-04-24T04:28:57.131574+00:00
2025-10-18 00:00:00+00:00,2138.0862,v4,global,cgdi,futures/cgdi-index/history,2026-04-24T04:28:57.131574+00:00
2025-10-19 00:00:00+00:00,2187.9225,v4,global,cgdi,futures/cgdi-index/history,2026-04-24T04:28:57.131574+00:00
2025-10-20 00:00:00+00:00,2242.3502,v4,global,cgdi,futures/cgdi-index/history,2026-04-24T04:28:57.131574+00:00
2025-10-21 00:00:00+00:00,2296.3283,v4,global,cgdi,futures/cgdi-index/history,2026-04-24T04:28:57.131574+00:00
2025-10-22 00:00:00+00:00,2215.7996,v4,global,cgdi,futures/cgdi-index/history,2026-04-24T04:28:57.131574+00:00
2025-10-23 00:00:00+00:00,2164.3123,v4,global,cgdi,futures/cgdi-index/history,2026-04-24T04:28:57.131574+00:00
2025-10-24 00:00:00+00:00,2214.5562,v4,global,cgdi,futures/cgdi-index/history,2026-04-24T04:28:57.131574+00:00
2025-10-25 00:00:00+00:00,2264.7311,v4,global,cgdi,futures/cgdi-index/history,2026-04-24T04:28:57.131574+00:00
2025-10-26 00:00:00+00:00,2299.0597,v4,global,cgdi,futures/cgdi-index/history,2026-04-24T04:28:57.131574+00:00
2025-10-27 00:00:00+00:00,2434.0376,v4,global,cgdi,futures/cgdi-index/history,2026-04-24T04:28:57.131574+00:00
2025-10-28 00:00:00+00:00,2427.3089,v4,global,cgdi,futures/cgdi-index/history,2026-04-24T04:28:57.131574+00:00
2025-10-29 00:00:00+00:00,2346.3871,v4,global,cgdi,futures/cgdi-index/history,2026-04-24T04:28:57.131574+00:00
2025-10-30 00:00:00+00:00,2348.7179,v4,global,cgdi,futures/cgdi-index/history,2026-04-24T04:28:57.131574+00:00
2025-10-31 00:00:00+00:00,2334.6888,v4,global,cgdi,futures/cgdi-index/history,2026-04-24T04:28:57.131574+00:00
2025-11-01 00:00:00+00:00,2272.5824,v4,global,cgdi,futures/cgdi-index/history,2026-04-24T04:28:57.131574+00:00
2025-11-02 00:00:00+00:00,2281.4598,v4,global,cgdi,futures/cgdi-index/history,2026-04-24T04:28:57.131574+00:00
2025-11-03 00:00:00+00:00,2303.9289,v4,global,cgdi,futures/cgdi-index/history,2026-04-24T04:28:57.131574+00:00
2025-11-04 00:00:00+00:00,2232.5506,v4,global,cgdi,futures/cgdi-index/history,2026-04-24T04:28:57.131574+00:00
2025-11-05 00:00:00+00:00,2136.3164,v4,global,cgdi,futures/cgdi-index/history,2026-04-24T04:28:57.131574+00:00
2025-11-06 00:00:00+00:00,2170.4506,v4,global,cgdi,futures/cgdi-index/history,2026-04-24T04:28:57.131574+00:00
2025-11-07 00:00:00+00:00,2116.9064,v4,global,cgdi,futures/cgdi-index/history,2026-04-24T04:28:57.131574+00:00
2025-11-08 00:00:00+00:00,2195.5122,v4,global,cgdi,futures/cgdi-index/history,2026-04-24T04:28:57.131574+00:00
2025-11-09 00:00:00+00:00,2153.121,v4,global,cgdi,futures/cgdi-index/history,2026-04-24T04:28:57.131574+00:00
2025-11-10 00:00:00+00:00,2201.3972,v4,global,cgdi,futures/cgdi-index/history,2026-04-24T04:28:57.131574+00:00
2025-11-11 00:00:00+00:00,2240.1246,v4,global,cgdi,futures/cgdi-index/history,2026-04-24T04:28:57.131574+00:00
2025-11-12 00:00:00+00:00,2150.5123,v4,global,cgdi,futures/cgdi-index/history,2026-04-24T04:28:57.131574+00:00
2025-11-13 00:00:00+00:00,2148.7964,v4,global,cgdi,futures/cgdi-index/history,2026-04-24T04:28:57.131574+00:00
2025-11-14 00:00:00+00:00,2177.6544,v4,global,cgdi,futures/cgdi-index/history,2026-04-24T04:28:57.131574+00:00
2025-11-15 00:00:00+00:00,2067.6284,v4,global,cgdi,futures/cgdi-index/history,2026-04-24T04:28:57.131574+00:00
2025-11-16 00:00:00+00:00,2123.1267,v4,global,cgdi,futures/cgdi-index/history,2026-04-24T04:28:57.131574+00:00
2025-11-17 00:00:00+00:00,2117.4543,v4,global,cgdi,futures/cgdi-index/history,2026-04-24T04:28:57.131574+00:00
2025-11-18 00:00:00+00:00,2140.3724,v4,global,cgdi,futures/cgdi-index/history,2026-04-24T04:28:57.131574+00:00
2025-11-19 00:00:00+00:00,2142.3233,v4,global,cgdi,futures/cgdi-index/history,2026-04-24T04:28:57.131574+00:00
2025-11-20 00:00:00+00:00,2138.2697,v4,global,cgdi,futures/cgdi-index/history,2026-04-24T04:28:57.131574+00:00
2025-11-21 00:00:00+00:00,2073.4868,v4,global,cgdi,futures/cgdi-index/history,2026-04-24T04:28:57.131574+00:00
2025-11-22 00:00:00+00:00,1934.4767,v4,global,cgdi,futures/cgdi-index/history,2026-04-24T04:28:57.131574+00:00
2025-11-23 00:00:00+00:00,1923.3538,v4,global,cgdi,futures/cgdi-index/history,2026-04-24T04:28:57.131574+00:00
2025-11-24 00:00:00+00:00,1945.3685,v4,global,cgdi,futures/cgdi-index/history,2026-04-24T04:28:57.131574+00:00
2025-11-25 00:00:00+00:00,1986.6445,v4,global,cgdi,futures/cgdi-index/history,2026-04-24T04:28:57.131574+00:00
2025-11-26 00:00:00+00:00,1926.1868,v4,global,cgdi,futures/cgdi-index/history,2026-04-24T04:28:57.131574+00:00
2025-11-27 00:00:00+00:00,1999.1524,v4,global,cgdi,futures/cgdi-index/history,2026-04-24T04:28:57.131574+00:00
2025-11-28 00:00:00+00:00,1986.9238,v4,global,cgdi,futures/cgdi-index/history,2026-04-24T04:28:57.131574+00:00
2025-11-29 00:00:00+00:00,1964.13,v4,global,cgdi,futures/cgdi-index/history,2026-04-24T04:28:57.131574+00:00
2025-11-30 00:00:00+00:00,1951.8961,v4,global,cgdi,futures/cgdi-index/history,2026-04-24T04:28:57.131574+00:00
2025-12-01 00:00:00+00:00,1942.8538,v4,global,cgdi,futures/cgdi-index/history,2026-04-24T04:28:57.131574+00:00
2025-12-02 00:00:00+00:00,1853.3123,v4,global,cgdi,futures/cgdi-index/history,2026-04-24T04:28:57.131574+00:00
2025-12-03 00:00:00+00:00,1957.9555,v4,global,cgdi,futures/cgdi-index/history,2026-04-24T04:28:57.131574+00:00
2025-12-04 00:00:00+00:00,2015.4293,v4,global,cgdi,futures/cgdi-index/history,2026-04-24T04:28:57.131574+00:00
2025-12-05 00:00:00+00:00,1981.5472,v4,global,cgdi,futures/cgdi-index/history,2026-04-24T04:28:57.131574+00:00
2025-12-06 00:00:00+00:00,1905.5333,v4,global,cgdi,futures/cgdi-index/history,2026-04-24T04:28:57.131574+00:00
2025-12-07 00:00:00+00:00,1909.6464,v4,global,cgdi,futures/cgdi-index/history,2026-04-24T04:28:57.131574+00:00
2025-12-08 00:00:00+00:00,1888.0819,v4,global,cgdi,futures/cgdi-index/history,2026-04-24T04:28:57.131574+00:00
2025-12-09 00:00:00+00:00,1910.6901,v4,global,cgdi,futures/cgdi-index/history,2026-04-24T04:28:57.131574+00:00
2025-12-10 00:00:00+00:00,2008.2355,v4,global,cgdi,futures/cgdi-index/history,2026-04-24T04:28:57.131574+00:00
2025-12-11 00:00:00+00:00,1957.0296,v4,global,cgdi,futures/cgdi-index/history,2026-04-24T04:28:57.131574+00:00
2025-12-12 00:00:00+00:00,1950.917,v4,global,cgdi,futures/cgdi-index/history,2026-04-24T04:28:57.131574+00:00
2025-12-13 00:00:00+00:00,1935.2197,v4,global,cgdi,futures/cgdi-index/history,2026-04-24T04:28:57.131574+00:00
2025-12-14 00:00:00+00:00,1937.4179,v4,global,cgdi,futures/cgdi-index/history,2026-04-24T04:28:57.131574+00:00
2025-12-15 00:00:00+00:00,1920.7511,v4,global,cgdi,futures/cgdi-index/history,2026-04-24T04:28:57.131574+00:00
2025-12-16 00:00:00+00:00,1944.5258,v4,global,cgdi,futures/cgdi-index/history,2026-04-24T04:28:57.131574+00:00
2025-12-17 00:00:00+00:00,1875.7808,v4,global,cgdi,futures/cgdi-index/history,2026-04-24T04:28:57.131574+00:00
2025-12-18 00:00:00+00:00,1827.4869,v4,global,cgdi,futures/cgdi-index/history,2026-04-24T04:28:57.131574+00:00
2025-12-19 00:00:00+00:00,1800.3186,v4,global,cgdi,futures/cgdi-index/history,2026-04-24T04:28:57.131574+00:00
2025-12-20 00:00:00+00:00,1908.8011,v4,global,cgdi,futures/cgdi-index/history,2026-04-24T04:28:57.131574+00:00
2025-12-21 00:00:00+00:00,1902.4649,v4,global,cgdi,futures/cgdi-index/history,2026-04-24T04:28:57.131574+00:00
2025-12-22 00:00:00+00:00,1893.5099,v4,global,cgdi,futures/cgdi-index/history,2026-04-24T04:28:57.131574+00:00
2025-12-23 00:00:00+00:00,1897.5656,v4,global,cgdi,futures/cgdi-index/history,2026-04-24T04:28:57.131574+00:00
2025-12-24 00:00:00+00:00,1897.4662,v4,global,cgdi,futures/cgdi-index/history,2026-04-24T04:28:57.131574+00:00
2025-12-25 00:00:00+00:00,1888.8116,v4,global,cgdi,futures/cgdi-index/history,2026-04-24T04:28:57.131574+00:00
2025-12-26 00:00:00+00:00,1869.9191,v4,global,cgdi,futures/cgdi-index/history,2026-04-24T04:28:57.131574+00:00
2025-12-27 00:00:00+00:00,1884.8172,v4,global,cgdi,futures/cgdi-index/history,2026-04-24T04:28:57.131574+00:00
2025-12-28 00:00:00+00:00,1898.6906,v4,global,cgdi,futures/cgdi-index/history,2026-04-24T04:28:57.131574+00:00
2025-12-29 00:00:00+00:00,1914.1453,v4,global,cgdi,futures/cgdi-index/history,2026-04-24T04:28:57.131574+00:00
2025-12-30 00:00:00+00:00,1929.9381,v4,global,cgdi,futures/cgdi-index/history,2026-04-24T04:28:57.131574+00:00
2025-12-31 00:00:00+00:00,1937.5834,v4,global,cgdi,futures/cgdi-index/history,2026-04-24T04:28:57.131574+00:00
2026-01-01 00:00:00+00:00,1936.2872,v4,global,cgdi,futures/cgdi-index/history,2026-04-24T04:28:57.131574+00:00
2026-01-02 00:00:00+00:00,1975.5097,v4,global,cgdi,futures/cgdi-index/history,2026-04-24T04:28:57.131574+00:00
2026-01-03 00:00:00+00:00,2115.4778,v4,global,cgdi,futures/cgdi-index/history,2026-04-24T04:28:57.131574+00:00
2026-01-04 00:00:00+00:00,2128.9147,v4,global,cgdi,futures/cgdi-index/history,2026-04-24T04:28:57.131574+00:00
2026-01-05 00:00:00+00:00,2145.7678,v4,global,cgdi,futures/cgdi-index/history,2026-04-24T04:28:57.131574+00:00
2026-01-06 00:00:00+00:00,2177.6326,v4,global,cgdi,futures/cgdi-index/history,2026-04-24T04:28:57.131574+00:00
2026-01-07 00:00:00+00:00,2133.1337,v4,global,cgdi,futures/cgdi-index/history,2026-04-24T04:28:57.131574+00:00
2026-01-08 00:00:00+00:00,2127.2467,v4,global,cgdi,futures/cgdi-index/history,2026-04-24T04:28:57.131574+00:00
2026-01-09 00:00:00+00:00,2100.0808,v4,global,cgdi,futures/cgdi-index/history,2026-04-24T04:28:57.131574+00:00
2026-01-10 00:00:00+00:00,2075.9282,v4,global,cgdi,futures/cgdi-index/history,2026-04-24T04:28:57.131574+00:00
2026-01-11 00:00:00+00:00,2074.3441,v4,global,cgdi,futures/cgdi-index/history,2026-04-24T04:28:57.131574+00:00
2026-01-12 00:00:00+00:00,2094.894,v4,global,cgdi,futures/cgdi-index/history,2026-04-24T04:28:57.131574+00:00
2026-01-13 00:00:00+00:00,2063.9215,v4,global,cgdi,futures/cgdi-index/history,2026-04-24T04:28:57.131574+00:00
2026-01-14 00:00:00+00:00,2256.9509,v4,global,cgdi,futures/cgdi-index/history,2026-04-24T04:28:57.131574+00:00
2026-01-15 00:00:00+00:00,2263.1878,v4,global,cgdi,futures/cgdi-index/history,2026-04-24T04:28:57.131574+00:00
2026-01-16 00:00:00+00:00,2172.2652,v4,global,cgdi,futures/cgdi-index/history,2026-04-24T04:28:57.131574+00:00
2026-01-17 00:00:00+00:00,2159.3674,v4,global,cgdi,futures/cgdi-index/history,2026-04-24T04:28:57.131574+00:00
2026-01-18 00:00:00+00:00,2171.4726,v4,global,cgdi,futures/cgdi-index/history,2026-04-24T04:28:57.131574+00:00
2026-01-19 00:00:00+00:00,2122.5307,v4,global,cgdi,futures/cgdi-index/history,2026-04-24T04:28:57.131574+00:00
2026-01-20 00:00:00+00:00,2062.1789,v4,global,cgdi,futures/cgdi-index/history,2026-04-24T04:28:57.131574+00:00
2026-01-21 00:00:00+00:00,2037.1843,v4,global,cgdi,futures/cgdi-index/history,2026-04-24T04:28:57.131574+00:00
2026-01-22 00:00:00+00:00,2008.3518,v4,global,cgdi,futures/cgdi-index/history,2026-04-24T04:28:57.131574+00:00
2026-01-23 00:00:00+00:00,2031.7918,v4,global,cgdi,futures/cgdi-index/history,2026-04-24T04:28:57.131574+00:00
2026-01-24 00:00:00+00:00,1996.6043,v4,global,cgdi,futures/cgdi-index/history,2026-04-24T04:28:57.131574+00:00
2026-01-25 00:00:00+00:00,2020.1501,v4,global,cgdi,futures/cgdi-index/history,2026-04-24T04:28:57.131574+00:00
2026-01-26 00:00:00+00:00,1992.1172,v4,global,cgdi,futures/cgdi-index/history,2026-04-24T04:28:57.131574+00:00
2026-01-27 00:00:00+00:00,2010.646,v4,global,cgdi,futures/cgdi-index/history,2026-04-24T04:28:57.131574+00:00
2026-01-28 00:00:00+00:00,2075.2044,v4,global,cgdi,futures/cgdi-index/history,2026-04-24T04:28:57.131574+00:00
2026-01-29 00:00:00+00:00,2075.5985,v4,global,cgdi,futures/cgdi-index/history,2026-04-24T04:28:57.131574+00:00
2026-01-30 00:00:00+00:00,2074.5858,v4,global,cgdi,futures/cgdi-index/history,2026-04-24T04:28:57.131574+00:00
2026-01-31 00:00:00+00:00,2001.3155,v4,global,cgdi,futures/cgdi-index/history,2026-04-24T04:28:57.131574+00:00
2026-02-01 00:00:00+00:00,1763.9132,v4,global,cgdi,futures/cgdi-index/history,2026-04-24T04:28:57.131574+00:00
2026-02-02 00:00:00+00:00,1690.7516,v4,global,cgdi,futures/cgdi-index/history,2026-04-24T04:28:57.131574+00:00
2026-02-03 00:00:00+00:00,1699.4477,v4,global,cgdi,futures/cgdi-index/history,2026-04-24T04:28:57.131574+00:00
2026-02-04 00:00:00+00:00,1640.1841,v4,global,cgdi,futures/cgdi-index/history,2026-04-24T04:28:57.131574+00:00
2026-02-05 00:00:00+00:00,1662.7664,v4,global,cgdi,futures/cgdi-index/history,2026-04-24T04:28:57.131574+00:00
2026-02-06 00:00:00+00:00,1485.6159,v4,global,cgdi,futures/cgdi-index/history,2026-04-24T04:28:57.131574+00:00
2026-02-07 00:00:00+00:00,1535.9499,v4,global,cgdi,futures/cgdi-index/history,2026-04-24T04:28:57.131574+00:00
2026-02-08 00:00:00+00:00,1495.9728,v4,global,cgdi,futures/cgdi-index/history,2026-04-24T04:28:57.131574+00:00
2026-02-09 00:00:00+00:00,1484.2766,v4,global,cgdi,futures/cgdi-index/history,2026-04-24T04:28:57.131574+00:00
2026-02-10 00:00:00+00:00,1486.9095,v4,global,cgdi,futures/cgdi-index/history,2026-04-24T04:28:57.131574+00:00
2026-02-11 00:00:00+00:00,1435.1361,v4,global,cgdi,futures/cgdi-index/history,2026-04-24T04:28:57.131574+00:00
2026-02-12 00:00:00+00:00,1418.4741,v4,global,cgdi,futures/cgdi-index/history,2026-04-24T04:28:57.131574+00:00
2026-02-13 00:00:00+00:00,1420.1654,v4,global,cgdi,futures/cgdi-index/history,2026-04-24T04:28:57.131574+00:00
2026-02-14 00:00:00+00:00,1464.4255,v4,global,cgdi,futures/cgdi-index/history,2026-04-24T04:28:57.131574+00:00
2026-02-15 00:00:00+00:00,1489.385,v4,global,cgdi,futures/cgdi-index/history,2026-04-24T04:28:57.131574+00:00
2026-02-16 00:00:00+00:00,1440.6461,v4,global,cgdi,futures/cgdi-index/history,2026-04-24T04:28:57.131574+00:00
2026-02-17 00:00:00+00:00,1431.029,v4,global,cgdi,futures/cgdi-index/history,2026-04-24T04:28:57.131574+00:00
2026-02-18 00:00:00+00:00,1427.4686,v4,global,cgdi,futures/cgdi-index/history,2026-04-24T04:28:57.131574+00:00
2026-02-19 00:00:00+00:00,1420.2078,v4,global,cgdi,futures/cgdi-index/history,2026-04-24T04:28:57.131574+00:00
2026-02-20 00:00:00+00:00,1419.2413,v4,global,cgdi,futures/cgdi-index/history,2026-04-24T04:28:57.131574+00:00
2026-02-21 00:00:00+00:00,1434.8126,v4,global,cgdi,futures/cgdi-index/history,2026-04-24T04:28:57.131574+00:00
2026-02-22 00:00:00+00:00,1448.3603,v4,global,cgdi,futures/cgdi-index/history,2026-04-24T04:28:57.131574+00:00
2026-02-23 00:00:00+00:00,1427.6328,v4,global,cgdi,futures/cgdi-index/history,2026-04-24T04:28:57.131574+00:00
2026-02-24 00:00:00+00:00,1387.1095,v4,global,cgdi,futures/cgdi-index/history,2026-04-24T04:28:57.131574+00:00
2026-02-25 00:00:00+00:00,1392.5296,v4,global,cgdi,futures/cgdi-index/history,2026-04-24T04:28:57.131574+00:00
2026-02-26 00:00:00+00:00,1490.2614,v4,global,cgdi,futures/cgdi-index/history,2026-04-24T04:28:57.131574+00:00
2026-02-27 00:00:00+00:00,1440.6476,v4,global,cgdi,futures/cgdi-index/history,2026-04-24T04:28:57.131574+00:00
2026-02-28 00:00:00+00:00,1395.2437,v4,global,cgdi,futures/cgdi-index/history,2026-04-24T04:28:57.131574+00:00
2026-03-02 00:00:00+00:00,1386.2252,v4,global,cgdi,futures/cgdi-index/history,2026-04-24T04:28:57.131574+00:00
2026-03-03 00:00:00+00:00,1493.5987,v4,global,cgdi,futures/cgdi-index/history,2026-04-24T04:28:57.131574+00:00
2026-03-04 00:00:00+00:00,1427.4909,v4,global,cgdi,futures/cgdi-index/history,2026-04-24T04:28:57.131574+00:00
2026-03-05 00:00:00+00:00,1632.6569,v4,global,cgdi,futures/cgdi-index/history,2026-04-24T04:28:57.131574+00:00
2026-03-06 00:00:00+00:00,1512.3784,v4,global,cgdi,futures/cgdi-index/history,2026-04-24T04:28:57.131574+00:00
2026-03-07 00:00:00+00:00,1459.0739,v4,global,cgdi,futures/cgdi-index/history,2026-04-24T04:28:57.131574+00:00
2026-03-08 00:00:00+00:00,1449.9,v4,global,cgdi,futures/cgdi-index/history,2026-04-24T04:28:57.131574+00:00
2026-03-09 00:00:00+00:00,1430.3055,v4,global,cgdi,futures/cgdi-index/history,2026-04-24T04:28:57.131574+00:00
2026-03-10 00:00:00+00:00,1467.5472,v4,global,cgdi,futures/cgdi-index/history,2026-04-24T04:28:57.131574+00:00
2026-03-11 00:00:00+00:00,1491.4859,v4,global,cgdi,futures/cgdi-index/history,2026-04-24T04:28:57.131574+00:00
2026-03-12 00:00:00+00:00,1520.5139,v4,global,cgdi,futures/cgdi-index/history,2026-04-24T04:28:57.131574+00:00
2026-03-13 00:00:00+00:00,1545.5177,v4,global,cgdi,futures/cgdi-index/history,2026-04-24T04:28:57.131574+00:00
2026-03-14 00:00:00+00:00,1532.5607,v4,global,cgdi,futures/cgdi-index/history,2026-04-24T04:28:57.131574+00:00
2026-03-15 00:00:00+00:00,1537.6226,v4,global,cgdi,futures/cgdi-index/history,2026-04-24T04:28:57.131574+00:00
2026-03-16 00:00:00+00:00,1584.5239,v4,global,cgdi,futures/cgdi-index/history,2026-04-24T04:28:57.131574+00:00
2026-03-17 00:00:00+00:00,1739.5194,v4,global,cgdi,futures/cgdi-index/history,2026-04-24T04:28:57.131574+00:00
2026-03-18 00:00:00+00:00,1702.3573,v4,global,cgdi,futures/cgdi-index/history,2026-04-24T04:28:57.131574+00:00
2026-03-19 00:00:00+00:00,1593.5501,v4,global,cgdi,futures/cgdi-index/history,2026-04-24T04:28:57.131574+00:00
2026-03-20 00:00:00+00:00,1564.9367,v4,global,cgdi,futures/cgdi-index/history,2026-04-24T04:28:57.131574+00:00
2026-03-21 00:00:00+00:00,1553.306,v4,global,cgdi,futures/cgdi-index/history,2026-04-24T04:28:57.131574+00:00
2026-03-22 00:00:00+00:00,1507.064,v4,global,cgdi,futures/cgdi-index/history,2026-04-24T04:28:57.131574+00:00
2026-03-23 00:00:00+00:00,1500.6573,v4,global,cgdi,futures/cgdi-index/history,2026-04-24T04:28:57.131574+00:00
2026-03-24 00:00:00+00:00,1513.677,v4,global,cgdi,futures/cgdi-index/history,2026-04-24T04:28:57.131574+00:00
2026-03-25 00:00:00+00:00,1523.1321,v4,global,cgdi,futures/cgdi-index/history,2026-04-24T04:28:57.131574+00:00
2026-03-26 00:00:00+00:00,1544.0082,v4,global,cgdi,futures/cgdi-index/history,2026-04-24T04:28:57.131574+00:00
2026-03-27 00:00:00+00:00,1535.2257,v4,global,cgdi,futures/cgdi-index/history,2026-04-24T04:28:57.131574+00:00
2026-03-28 00:00:00+00:00,1522.8636,v4,global,cgdi,futures/cgdi-index/history,2026-04-24T04:28:57.131574+00:00
2026-03-29 00:00:00+00:00,1511.2687,v4,global,cgdi,futures/cgdi-index/history,2026-04-24T04:28:57.131574+00:00
2026-03-30 00:00:00+00:00,1506.3993,v4,global,cgdi,futures/cgdi-index/history,2026-04-24T04:28:57.131574+00:00
2026-03-31 00:00:00+00:00,1484.9816,v4,global,cgdi,futures/cgdi-index/history,2026-04-24T04:28:57.131574+00:00
2026-04-01 00:00:00+00:00,1546.4218,v4,global,cgdi,futures/cgdi-index/history,2026-04-24T04:28:57.131574+00:00
2026-04-02 00:00:00+00:00,1560.7717,v4,global,cgdi,futures/cgdi-index/history,2026-04-24T04:28:57.131574+00:00
2026-04-03 00:00:00+00:00,1493.6073,v4,global,cgdi,futures/cgdi-index/history,2026-04-24T04:28:57.131574+00:00
2026-04-04 00:00:00+00:00,1494.6891,v4,global,cgdi,futures/cgdi-index/history,2026-04-24T04:28:57.131574+00:00
2026-04-05 00:00:00+00:00,1506.0301,v4,global,cgdi,futures/cgdi-index/history,2026-04-24T04:28:57.131574+00:00
2026-04-06 00:00:00+00:00,1536.0824,v4,global,cgdi,futures/cgdi-index/history,2026-04-24T04:28:57.131574+00:00
2026-04-07 00:00:00+00:00,1530.5899,v4,global,cgdi,futures/cgdi-index/history,2026-04-24T04:28:57.131574+00:00
2026-04-08 00:00:00+00:00,1605.9577,v4,global,cgdi,futures/cgdi-index/history,2026-04-24T04:28:57.131574+00:00
2026-04-09 00:00:00+00:00,1600.4266,v4,global,cgdi,futures/cgdi-index/history,2026-04-24T04:28:57.131574+00:00
2026-04-10 00:00:00+00:00,1596.9413,v4,global,cgdi,futures/cgdi-index/history,2026-04-24T04:28:57.131574+00:00
2026-04-11 00:00:00+00:00,1676.3738,v4,global,cgdi,futures/cgdi-index/history,2026-04-24T04:28:57.131574+00:00
2026-04-12 00:00:00+00:00,1696.8607,v4,global,cgdi,futures/cgdi-index/history,2026-04-24T04:28:57.131574+00:00
2026-04-13 00:00:00+00:00,1578.4112,v4,global,cgdi,futures/cgdi-index/history,2026-04-24T04:28:57.131574+00:00
2026-04-14 00:00:00+00:00,1703.0214,v4,global,cgdi,futures/cgdi-index/history,2026-04-24T04:28:57.131574+00:00
2026-04-15 00:00:00+00:00,1718.819,v4,global,cgdi,futures/cgdi-index/history,2026-04-24T04:28:57.131574+00:00
2026-04-16 00:00:00+00:00,1725.0891,v4,global,cgdi,futures/cgdi-index/history,2026-04-24T04:28:57.131574+00:00
2026-04-17 00:00:00+00:00,1723.3231,v4,global,cgdi,futures/cgdi-index/history,2026-04-24T04:28:57.131574+00:00
2026-04-18 00:00:00+00:00,1841.0968,v4,global,cgdi,futures/cgdi-index/history,2026-04-24T04:28:57.131574+00:00
2026-04-19 00:00:00+00:00,1703.5442,v4,global,cgdi,futures/cgdi-index/history,2026-04-24T04:28:57.131574+00:00
2026-04-20 00:00:00+00:00,1632.5982,v4,global,cgdi,futures/cgdi-index/history,2026-04-24T04:28:57.131574+00:00
2026-04-21 00:00:00+00:00,1659.7691,v4,global,cgdi,futures/cgdi-index/history,2026-04-24T04:28:57.131574+00:00
2026-04-22 00:00:00+00:00,1669.9409,v4,global,cgdi,futures/cgdi-index/history,2026-04-24T04:28:57.131574+00:00
2026-04-23 00:00:00+00:00,1807.3779,v4,global,cgdi,futures/cgdi-index/history,2026-04-24T04:28:57.131574+00:00
2026-04-24 00:00:00+00:00,1714.6842,v4,global,cgdi,futures/cgdi-index/history,2026-04-24T04:28:57.131574+00:00
2026-04-24 04:28:40.033000+00:00,1704.8482,v4,global,cgdi,futures/cgdi-index/history,2026-04-24T04:28:57.131574+00:00
,1829.4456,v4,global,cgdi,futures/cgdi-index/history,2026-04-22T21:32:17.499812+00:00
