ts,etf_btc_flow,etf_btc_price,api_version,scope,endpoint,path,fetched_at
2024-01-11 00:00:00+00:00,655300000.0,46663.0,v4,global,etf_btc,etf/bitcoin/flow-history,2026-04-24T04:28:48.731586+00:00
2024-01-12 00:00:00+00:00,203000000.0,46337.9,v4,global,etf_btc,etf/bitcoin/flow-history,2026-04-24T04:28:48.731586+00:00
2024-01-15 00:00:00+00:00,0.0,41735.0,v4,global,etf_btc,etf/bitcoin/flow-history,2026-04-24T04:28:48.731586+00:00
2024-01-16 00:00:00+00:00,-52700000.0,42515.0,v4,global,etf_btc,etf/bitcoin/flow-history,2026-04-24T04:28:48.731586+00:00
2024-01-17 00:00:00+00:00,453800000.0,43133.0,v4,global,etf_btc,etf/bitcoin/flow-history,2026-04-24T04:28:48.731586+00:00
2024-01-18 00:00:00+00:00,-126600000.0,42783.3,v4,global,etf_btc,etf/bitcoin/flow-history,2026-04-24T04:28:48.731586+00:00
2024-01-19 00:00:00+00:00,43600000.0,41323.2,v4,global,etf_btc,etf/bitcoin/flow-history,2026-04-24T04:28:48.731586+00:00
2024-01-22 00:00:00+00:00,-87400000.0,41579.9,v4,global,etf_btc,etf/bitcoin/flow-history,2026-04-24T04:28:48.731586+00:00
2024-01-23 00:00:00+00:00,-106100000.0,39567.1,v4,global,etf_btc,etf/bitcoin/flow-history,2026-04-24T04:28:48.731586+00:00
2024-01-24 00:00:00+00:00,-158300000.0,39889.9,v4,global,etf_btc,etf/bitcoin/flow-history,2026-04-24T04:28:48.731586+00:00
2024-01-25 00:00:00+00:00,-79800000.0,40078.8,v4,global,etf_btc,etf/bitcoin/flow-history,2026-04-24T04:28:48.731586+00:00
2024-01-26 00:00:00+00:00,14800000.0,39953.3,v4,global,etf_btc,etf/bitcoin/flow-history,2026-04-24T04:28:48.731586+00:00
2024-01-29 00:00:00+00:00,255100000.0,42021.2,v4,global,etf_btc,etf/bitcoin/flow-history,2026-04-24T04:28:48.731586+00:00
2024-01-30 00:00:00+00:00,247300000.0,43287.6,v4,global,etf_btc,etf/bitcoin/flow-history,2026-04-24T04:28:48.731586+00:00
2024-01-31 00:00:00+00:00,197600000.0,42918.3,v4,global,etf_btc,etf/bitcoin/flow-history,2026-04-24T04:28:48.731586+00:00
2024-02-01 00:00:00+00:00,38500000.0,42560.5,v4,global,etf_btc,etf/bitcoin/flow-history,2026-04-24T04:28:48.731586+00:00
2024-02-02 00:00:00+00:00,80000000.0,43072.6,v4,global,etf_btc,etf/bitcoin/flow-history,2026-04-24T04:28:48.731586+00:00
2024-02-05 00:00:00+00:00,68100000.0,42570.3,v4,global,etf_btc,etf/bitcoin/flow-history,2026-04-24T04:28:48.731586+00:00
2024-02-06 00:00:00+00:00,33600000.0,42693.0,v4,global,etf_btc,etf/bitcoin/flow-history,2026-04-24T04:28:48.731586+00:00
2024-02-07 00:00:00+00:00,146000000.0,43079.1,v4,global,etf_btc,etf/bitcoin/flow-history,2026-04-24T04:28:48.731586+00:00
2024-02-08 00:00:00+00:00,405000000.0,44326.3,v4,global,etf_btc,etf/bitcoin/flow-history,2026-04-24T04:28:48.731586+00:00
2024-02-09 00:00:00+00:00,541500000.0,45269.2,v4,global,etf_btc,etf/bitcoin/flow-history,2026-04-24T04:28:48.731586+00:00
2024-02-12 00:00:00+00:00,493400000.0,48303.5,v4,global,etf_btc,etf/bitcoin/flow-history,2026-04-24T04:28:48.731586+00:00
2024-02-13 00:00:00+00:00,636300000.0,49943.5,v4,global,etf_btc,etf/bitcoin/flow-history,2026-04-24T04:28:48.731586+00:00
2024-02-14 00:00:00+00:00,339700000.0,49696.4,v4,global,etf_btc,etf/bitcoin/flow-history,2026-04-24T04:28:48.731586+00:00
2024-02-15 00:00:00+00:00,477400000.0,51823.1,v4,global,etf_btc,etf/bitcoin/flow-history,2026-04-24T04:28:48.731586+00:00
2024-02-16 00:00:00+00:00,330300000.0,51898.4,v4,global,etf_btc,etf/bitcoin/flow-history,2026-04-24T04:28:48.731586+00:00
2024-02-19 00:00:00+00:00,0.0,52175.9,v4,global,etf_btc,etf/bitcoin/flow-history,2026-04-24T04:28:48.731586+00:00
2024-02-20 00:00:00+00:00,135600000.0,51813.7,v4,global,etf_btc,etf/bitcoin/flow-history,2026-04-24T04:28:48.731586+00:00
2024-02-21 00:00:00+00:00,-35600000.0,52297.3,v4,global,etf_btc,etf/bitcoin/flow-history,2026-04-24T04:28:48.731586+00:00
2024-02-22 00:00:00+00:00,251400000.0,51877.9,v4,global,etf_btc,etf/bitcoin/flow-history,2026-04-24T04:28:48.731586+00:00
2024-02-23 00:00:00+00:00,232500000.0,51316.9,v4,global,etf_btc,etf/bitcoin/flow-history,2026-04-24T04:28:48.731586+00:00
2024-02-26 00:00:00+00:00,519900000.0,51764.9,v4,global,etf_btc,etf/bitcoin/flow-history,2026-04-24T04:28:48.731586+00:00
2024-02-27 00:00:00+00:00,576900000.0,54511.7,v4,global,etf_btc,etf/bitcoin/flow-history,2026-04-24T04:28:48.731586+00:00
2024-02-28 00:00:00+00:00,673400000.0,57074.5,v4,global,etf_btc,etf/bitcoin/flow-history,2026-04-24T04:28:48.731586+00:00
2024-02-29 00:00:00+00:00,92300000.0,62488.0,v4,global,etf_btc,etf/bitcoin/flow-history,2026-04-24T04:28:48.731586+00:00
2024-03-01 00:00:00+00:00,-139600000.0,61203.4,v4,global,etf_btc,etf/bitcoin/flow-history,2026-04-24T04:28:48.731586+00:00
2024-03-04 00:00:00+00:00,562700000.0,63178.6,v4,global,etf_btc,etf/bitcoin/flow-history,2026-04-24T04:28:48.731586+00:00
2024-03-05 00:00:00+00:00,648300000.0,68296.5,v4,global,etf_btc,etf/bitcoin/flow-history,2026-04-24T04:28:48.731586+00:00
2024-03-06 00:00:00+00:00,332000000.0,63747.5,v4,global,etf_btc,etf/bitcoin/flow-history,2026-04-24T04:28:48.731586+00:00
2024-03-07 00:00:00+00:00,472500000.0,66128.0,v4,global,etf_btc,etf/bitcoin/flow-history,2026-04-24T04:28:48.731586+00:00
2024-03-08 00:00:00+00:00,223000000.0,66870.0,v4,global,etf_btc,etf/bitcoin/flow-history,2026-04-24T04:28:48.731586+00:00
2024-03-11 00:00:00+00:00,505400000.0,69001.9,v4,global,etf_btc,etf/bitcoin/flow-history,2026-04-24T04:28:48.731586+00:00
2024-03-12 00:00:00+00:00,1045000000.0,72153.9,v4,global,etf_btc,etf/bitcoin/flow-history,2026-04-24T04:28:48.731586+00:00
2024-03-13 00:00:00+00:00,683700000.0,71503.3,v4,global,etf_btc,etf/bitcoin/flow-history,2026-04-24T04:28:48.731586+00:00
2024-03-14 00:00:00+00:00,132700000.0,73127.5,v4,global,etf_btc,etf/bitcoin/flow-history,2026-04-24T04:28:48.731586+00:00
2024-03-15 00:00:00+00:00,198800000.0,71455.6,v4,global,etf_btc,etf/bitcoin/flow-history,2026-04-24T04:28:48.731586+00:00
2024-03-18 00:00:00+00:00,-154300000.0,68447.9,v4,global,etf_btc,etf/bitcoin/flow-history,2026-04-24T04:28:48.731586+00:00
2024-03-19 00:00:00+00:00,-326200000.0,67660.0,v4,global,etf_btc,etf/bitcoin/flow-history,2026-04-24T04:28:48.731586+00:00
2024-03-20 00:00:00+00:00,-261500000.0,61974.2,v4,global,etf_btc,etf/bitcoin/flow-history,2026-04-24T04:28:48.731586+00:00
2024-03-21 00:00:00+00:00,-94000000.0,67876.3,v4,global,etf_btc,etf/bitcoin/flow-history,2026-04-24T04:28:48.731586+00:00
2024-03-22 00:00:00+00:00,-51600000.0,65539.9,v4,global,etf_btc,etf/bitcoin/flow-history,2026-04-24T04:28:48.731586+00:00
2024-03-25 00:00:00+00:00,15400000.0,67260.9,v4,global,etf_btc,etf/bitcoin/flow-history,2026-04-24T04:28:48.731586+00:00
2024-03-26 00:00:00+00:00,418000000.0,69920.6,v4,global,etf_btc,etf/bitcoin/flow-history,2026-04-24T04:28:48.731586+00:00
2024-03-27 00:00:00+00:00,243500000.0,70044.2,v4,global,etf_btc,etf/bitcoin/flow-history,2026-04-24T04:28:48.731586+00:00
2024-03-28 00:00:00+00:00,182800000.0,69532.6,v4,global,etf_btc,etf/bitcoin/flow-history,2026-04-24T04:28:48.731586+00:00
2024-03-29 00:00:00+00:00,0.0,70838.8,v4,global,etf_btc,etf/bitcoin/flow-history,2026-04-24T04:28:48.731586+00:00
2024-04-01 00:00:00+00:00,-85700000.0,71363.0,v4,global,etf_btc,etf/bitcoin/flow-history,2026-04-24T04:28:48.731586+00:00
2024-04-02 00:00:00+00:00,39500000.0,69700.0,v4,global,etf_btc,etf/bitcoin/flow-history,2026-04-24T04:28:48.731586+00:00
2024-04-03 00:00:00+00:00,113500000.0,65502.4,v4,global,etf_btc,etf/bitcoin/flow-history,2026-04-24T04:28:48.731586+00:00
2024-04-04 00:00:00+00:00,213400000.0,65971.8,v4,global,etf_btc,etf/bitcoin/flow-history,2026-04-24T04:28:48.731586+00:00
2024-04-05 00:00:00+00:00,203000000.0,68489.8,v4,global,etf_btc,etf/bitcoin/flow-history,2026-04-24T04:28:48.731586+00:00
2024-04-08 00:00:00+00:00,-223800000.0,69362.7,v4,global,etf_btc,etf/bitcoin/flow-history,2026-04-24T04:28:48.731586+00:00
2024-04-09 00:00:00+00:00,-19400000.0,71678.3,v4,global,etf_btc,etf/bitcoin/flow-history,2026-04-24T04:28:48.731586+00:00
2024-04-10 00:00:00+00:00,123700000.0,69189.2,v4,global,etf_btc,etf/bitcoin/flow-history,2026-04-24T04:28:48.731586+00:00
2024-04-11 00:00:00+00:00,91300000.0,70681.8,v4,global,etf_btc,etf/bitcoin/flow-history,2026-04-24T04:28:48.731586+00:00
2024-04-12 00:00:00+00:00,-55100000.0,70055.6,v4,global,etf_btc,etf/bitcoin/flow-history,2026-04-24T04:28:48.731586+00:00
2024-04-15 00:00:00+00:00,-36700000.0,65615.9,v4,global,etf_btc,etf/bitcoin/flow-history,2026-04-24T04:28:48.731586+00:00
2024-04-16 00:00:00+00:00,-58000000.0,63392.8,v4,global,etf_btc,etf/bitcoin/flow-history,2026-04-24T04:28:48.731586+00:00
2024-04-17 00:00:00+00:00,-165000000.0,63764.9,v4,global,etf_btc,etf/bitcoin/flow-history,2026-04-24T04:28:48.731586+00:00
2024-04-18 00:00:00+00:00,-4300000.0,61254.5,v4,global,etf_btc,etf/bitcoin/flow-history,2026-04-24T04:28:48.731586+00:00
2024-04-19 00:00:00+00:00,59700000.0,63445.0,v4,global,etf_btc,etf/bitcoin/flow-history,2026-04-24T04:28:48.731586+00:00
2024-04-22 00:00:00+00:00,62200000.0,64912.7,v4,global,etf_btc,etf/bitcoin/flow-history,2026-04-24T04:28:48.731586+00:00
2024-04-23 00:00:00+00:00,31600000.0,66777.9,v4,global,etf_btc,etf/bitcoin/flow-history,2026-04-24T04:28:48.731586+00:00
2024-04-24 00:00:00+00:00,-120600000.0,66386.2,v4,global,etf_btc,etf/bitcoin/flow-history,2026-04-24T04:28:48.731586+00:00
2024-04-25 00:00:00+00:00,-217600000.0,64250.0,v4,global,etf_btc,etf/bitcoin/flow-history,2026-04-24T04:28:48.731586+00:00
2024-04-26 00:00:00+00:00,-83600000.0,64478.7,v4,global,etf_btc,etf/bitcoin/flow-history,2026-04-24T04:28:48.731586+00:00
2024-04-29 00:00:00+00:00,-51600000.0,63088.4,v4,global,etf_btc,etf/bitcoin/flow-history,2026-04-24T04:28:48.731586+00:00
2024-04-30 00:00:00+00:00,-161600000.0,63842.4,v4,global,etf_btc,etf/bitcoin/flow-history,2026-04-24T04:28:48.731586+00:00
2024-05-01 00:00:00+00:00,-563700000.0,60651.2,v4,global,etf_btc,etf/bitcoin/flow-history,2026-04-24T04:28:48.731586+00:00
2024-05-02 00:00:00+00:00,-34400000.0,58307.7,v4,global,etf_btc,etf/bitcoin/flow-history,2026-04-24T04:28:48.731586+00:00
2024-05-03 00:00:00+00:00,378300000.0,59036.7,v4,global,etf_btc,etf/bitcoin/flow-history,2026-04-24T04:28:48.731586+00:00
2024-05-06 00:00:00+00:00,217000000.0,63987.9,v4,global,etf_btc,etf/bitcoin/flow-history,2026-04-24T04:28:48.731586+00:00
2024-05-07 00:00:00+00:00,-15700000.0,63142.7,v4,global,etf_btc,etf/bitcoin/flow-history,2026-04-24T04:28:48.731586+00:00
2024-05-08 00:00:00+00:00,11500000.0,62296.0,v4,global,etf_btc,etf/bitcoin/flow-history,2026-04-24T04:28:48.731586+00:00
2024-05-09 00:00:00+00:00,-11300000.0,61157.9,v4,global,etf_btc,etf/bitcoin/flow-history,2026-04-24T04:28:48.731586+00:00
2024-05-10 00:00:00+00:00,-84700000.0,63050.0,v4,global,etf_btc,etf/bitcoin/flow-history,2026-04-24T04:28:48.731586+00:00
2024-05-13 00:00:00+00:00,66000000.0,61455.7,v4,global,etf_btc,etf/bitcoin/flow-history,2026-04-24T04:28:48.731586+00:00
2024-05-14 00:00:00+00:00,100500000.0,62912.2,v4,global,etf_btc,etf/bitcoin/flow-history,2026-04-24T04:28:48.731586+00:00
2024-05-15 00:00:00+00:00,303000000.0,61550.5,v4,global,etf_btc,etf/bitcoin/flow-history,2026-04-24T04:28:48.731586+00:00
2024-05-16 00:00:00+00:00,257300000.0,66175.5,v4,global,etf_btc,etf/bitcoin/flow-history,2026-04-24T04:28:48.731586+00:00
2024-05-17 00:00:00+00:00,221500000.0,65217.7,v4,global,etf_btc,etf/bitcoin/flow-history,2026-04-24T04:28:48.731586+00:00
2024-05-20 00:00:00+00:00,237200000.0,66239.4,v4,global,etf_btc,etf/bitcoin/flow-history,2026-04-24T04:28:48.731586+00:00
2024-05-21 00:00:00+00:00,305700000.0,71466.5,v4,global,etf_btc,etf/bitcoin/flow-history,2026-04-24T04:28:48.731586+00:00
2024-05-22 00:00:00+00:00,154000000.0,70168.7,v4,global,etf_btc,etf/bitcoin/flow-history,2026-04-24T04:28:48.731586+00:00
2024-05-23 00:00:00+00:00,107900000.0,69219.2,v4,global,etf_btc,etf/bitcoin/flow-history,2026-04-24T04:28:48.731586+00:00
2024-05-24 00:00:00+00:00,251900000.0,67999.9,v4,global,etf_btc,etf/bitcoin/flow-history,2026-04-24T04:28:48.731586+00:00
2024-05-27 00:00:00+00:00,0.0,68524.4,v4,global,etf_btc,etf/bitcoin/flow-history,2026-04-24T04:28:48.731586+00:00
2024-05-28 00:00:00+00:00,45000000.0,69461.5,v4,global,etf_btc,etf/bitcoin/flow-history,2026-04-24T04:28:48.731586+00:00
2024-05-29 00:00:00+00:00,28300000.0,68440.4,v4,global,etf_btc,etf/bitcoin/flow-history,2026-04-24T04:28:48.731586+00:00
2024-05-30 00:00:00+00:00,48800000.0,67686.8,v4,global,etf_btc,etf/bitcoin/flow-history,2026-04-24T04:28:48.731586+00:00
2024-05-31 00:00:00+00:00,48800000.0,68402.6,v4,global,etf_btc,etf/bitcoin/flow-history,2026-04-24T04:28:48.731586+00:00
2024-06-03 00:00:00+00:00,105100000.0,67805.9,v4,global,etf_btc,etf/bitcoin/flow-history,2026-04-24T04:28:48.731586+00:00
2024-06-04 00:00:00+00:00,886600000.0,68851.3,v4,global,etf_btc,etf/bitcoin/flow-history,2026-04-24T04:28:48.731586+00:00
2024-06-05 00:00:00+00:00,488100000.0,70580.0,v4,global,etf_btc,etf/bitcoin/flow-history,2026-04-24T04:28:48.731586+00:00
2024-06-06 00:00:00+00:00,217700000.0,71133.3,v4,global,etf_btc,etf/bitcoin/flow-history,2026-04-24T04:28:48.731586+00:00
2024-06-07 00:00:00+00:00,131000000.0,70829.9,v4,global,etf_btc,etf/bitcoin/flow-history,2026-04-24T04:28:48.731586+00:00
2024-06-10 00:00:00+00:00,-64900000.0,69667.1,v4,global,etf_btc,etf/bitcoin/flow-history,2026-04-24T04:28:48.731586+00:00
2024-06-11 00:00:00+00:00,-200400000.0,69558.8,v4,global,etf_btc,etf/bitcoin/flow-history,2026-04-24T04:28:48.731586+00:00
2024-06-12 00:00:00+00:00,100800000.0,67320.6,v4,global,etf_btc,etf/bitcoin/flow-history,2026-04-24T04:28:48.731586+00:00
2024-06-13 00:00:00+00:00,-226200000.0,68270.3,v4,global,etf_btc,etf/bitcoin/flow-history,2026-04-24T04:28:48.731586+00:00
2024-06-14 00:00:00+00:00,-189900000.0,66786.8,v4,global,etf_btc,etf/bitcoin/flow-history,2026-04-24T04:28:48.731586+00:00
2024-06-17 00:00:00+00:00,-145900000.0,66653.5,v4,global,etf_btc,etf/bitcoin/flow-history,2026-04-24T04:28:48.731586+00:00
2024-06-18 00:00:00+00:00,-152400000.0,66472.1,v4,global,etf_btc,etf/bitcoin/flow-history,2026-04-24T04:28:48.731586+00:00
2024-06-19 00:00:00+00:00,0.0,65149.9,v4,global,etf_btc,etf/bitcoin/flow-history,2026-04-24T04:28:48.731586+00:00
2024-06-20 00:00:00+00:00,-139900000.0,64933.8,v4,global,etf_btc,etf/bitcoin/flow-history,2026-04-24T04:28:48.731586+00:00
2024-06-21 00:00:00+00:00,-105900000.0,64854.0,v4,global,etf_btc,etf/bitcoin/flow-history,2026-04-24T04:28:48.731586+00:00
2024-06-24 00:00:00+00:00,-174500000.0,63195.0,v4,global,etf_btc,etf/bitcoin/flow-history,2026-04-24T04:28:48.731586+00:00
2024-06-25 00:00:00+00:00,31000000.0,60273.5,v4,global,etf_btc,etf/bitcoin/flow-history,2026-04-24T04:28:48.731586+00:00
2024-06-26 00:00:00+00:00,21400000.0,61777.9,v4,global,etf_btc,etf/bitcoin/flow-history,2026-04-24T04:28:48.731586+00:00
2024-06-27 00:00:00+00:00,11800000.0,60860.1,v4,global,etf_btc,etf/bitcoin/flow-history,2026-04-24T04:28:48.731586+00:00
2024-06-28 00:00:00+00:00,73000000.0,61682.1,v4,global,etf_btc,etf/bitcoin/flow-history,2026-04-24T04:28:48.731586+00:00
2024-07-01 00:00:00+00:00,129500000.0,62766.1,v4,global,etf_btc,etf/bitcoin/flow-history,2026-04-24T04:28:48.731586+00:00
2024-07-02 00:00:00+00:00,-13700000.0,62883.7,v4,global,etf_btc,etf/bitcoin/flow-history,2026-04-24T04:28:48.731586+00:00
2024-07-03 00:00:00+00:00,-20500000.0,62123.5,v4,global,etf_btc,etf/bitcoin/flow-history,2026-04-24T04:28:48.731586+00:00
2024-07-04 00:00:00+00:00,0.0,60208.0,v4,global,etf_btc,etf/bitcoin/flow-history,2026-04-24T04:28:48.731586+00:00
2024-07-05 00:00:00+00:00,143100000.0,57045.9,v4,global,etf_btc,etf/bitcoin/flow-history,2026-04-24T04:28:48.731586+00:00
2024-07-08 00:00:00+00:00,294800000.0,55831.0,v4,global,etf_btc,etf/bitcoin/flow-history,2026-04-24T04:28:48.731586+00:00
2024-07-09 00:00:00+00:00,216400000.0,56686.4,v4,global,etf_btc,etf/bitcoin/flow-history,2026-04-24T04:28:48.731586+00:00
2024-07-10 00:00:00+00:00,147400000.0,58023.1,v4,global,etf_btc,etf/bitcoin/flow-history,2026-04-24T04:28:48.731586+00:00
2024-07-11 00:00:00+00:00,78900000.0,57707.0,v4,global,etf_btc,etf/bitcoin/flow-history,2026-04-24T04:28:48.731586+00:00
2024-07-12 00:00:00+00:00,310100000.0,57315.7,v4,global,etf_btc,etf/bitcoin/flow-history,2026-04-24T04:28:48.731586+00:00
2024-07-15 00:00:00+00:00,300900000.0,60766.0,v4,global,etf_btc,etf/bitcoin/flow-history,2026-04-24T04:28:48.731586+00:00
2024-07-16 00:00:00+00:00,422500000.0,64680.6,v4,global,etf_btc,etf/bitcoin/flow-history,2026-04-24T04:28:48.731586+00:00
2024-07-17 00:00:00+00:00,53300000.0,65010.0,v4,global,etf_btc,etf/bitcoin/flow-history,2026-04-24T04:28:48.731586+00:00
2024-07-18 00:00:00+00:00,37200000.0,64055.8,v4,global,etf_btc,etf/bitcoin/flow-history,2026-04-24T04:28:48.731586+00:00
2024-07-19 00:00:00+00:00,427200000.0,63960.0,v4,global,etf_btc,etf/bitcoin/flow-history,2026-04-24T04:28:48.731586+00:00
2024-07-22 00:00:00+00:00,482500000.0,68138.0,v4,global,etf_btc,etf/bitcoin/flow-history,2026-04-24T04:28:48.731586+00:00
2024-07-23 00:00:00+00:00,-77800000.0,67499.2,v4,global,etf_btc,etf/bitcoin/flow-history,2026-04-24T04:28:48.731586+00:00
2024-07-24 00:00:00+00:00,44500000.0,65916.3,v4,global,etf_btc,etf/bitcoin/flow-history,2026-04-24T04:28:48.731586+00:00
2024-07-25 00:00:00+00:00,31100000.0,65350.7,v4,global,etf_btc,etf/bitcoin/flow-history,2026-04-24T04:28:48.731586+00:00
2024-07-26 00:00:00+00:00,51800000.0,65773.0,v4,global,etf_btc,etf/bitcoin/flow-history,2026-04-24T04:28:48.731586+00:00
2024-07-29 00:00:00+00:00,122100000.0,68215.5,v4,global,etf_btc,etf/bitcoin/flow-history,2026-04-24T04:28:48.731586+00:00
2024-07-30 00:00:00+00:00,-18300000.0,66750.1,v4,global,etf_btc,etf/bitcoin/flow-history,2026-04-24T04:28:48.731586+00:00
2024-07-31 00:00:00+00:00,300000.0,66159.3,v4,global,etf_btc,etf/bitcoin/flow-history,2026-04-24T04:28:48.731586+00:00
2024-08-01 00:00:00+00:00,50600000.0,64601.8,v4,global,etf_btc,etf/bitcoin/flow-history,2026-04-24T04:28:48.731586+00:00
2024-08-02 00:00:00+00:00,-237400000.0,65329.0,v4,global,etf_btc,etf/bitcoin/flow-history,2026-04-24T04:28:48.731586+00:00
2024-08-05 00:00:00+00:00,-168400000.0,58144.5,v4,global,etf_btc,etf/bitcoin/flow-history,2026-04-24T04:28:48.731586+00:00
2024-08-06 00:00:00+00:00,-148600000.0,54003.5,v4,global,etf_btc,etf/bitcoin/flow-history,2026-04-24T04:28:48.731586+00:00
2024-08-07 00:00:00+00:00,45100000.0,55991.3,v4,global,etf_btc,etf/bitcoin/flow-history,2026-04-24T04:28:48.731586+00:00
2024-08-08 00:00:00+00:00,201500000.0,55102.7,v4,global,etf_btc,etf/bitcoin/flow-history,2026-04-24T04:28:48.731586+00:00
2024-08-09 00:00:00+00:00,-89700000.0,61659.8,v4,global,etf_btc,etf/bitcoin/flow-history,2026-04-24T04:28:48.731586+00:00
2024-08-12 00:00:00+00:00,27800000.0,58693.1,v4,global,etf_btc,etf/bitcoin/flow-history,2026-04-24T04:28:48.731586+00:00
2024-08-13 00:00:00+00:00,39000000.0,59323.7,v4,global,etf_btc,etf/bitcoin/flow-history,2026-04-24T04:28:48.731586+00:00
2024-08-14 00:00:00+00:00,-81400000.0,60550.4,v4,global,etf_btc,etf/bitcoin/flow-history,2026-04-24T04:28:48.731586+00:00
2024-08-15 00:00:00+00:00,11100000.0,58648.1,v4,global,etf_btc,etf/bitcoin/flow-history,2026-04-24T04:28:48.731586+00:00
2024-08-16 00:00:00+00:00,35900000.0,57511.1,v4,global,etf_btc,etf/bitcoin/flow-history,2026-04-24T04:28:48.731586+00:00
2024-08-19 00:00:00+00:00,62100000.0,58390.1,v4,global,etf_btc,etf/bitcoin/flow-history,2026-04-24T04:28:48.731586+00:00
2024-08-20 00:00:00+00:00,88000000.0,59398.4,v4,global,etf_btc,etf/bitcoin/flow-history,2026-04-24T04:28:48.731586+00:00
2024-08-21 00:00:00+00:00,39500000.0,58982.7,v4,global,etf_btc,etf/bitcoin/flow-history,2026-04-24T04:28:48.731586+00:00
2024-08-22 00:00:00+00:00,64800000.0,61120.0,v4,global,etf_btc,etf/bitcoin/flow-history,2026-04-24T04:28:48.731586+00:00
2024-08-23 00:00:00+00:00,252000000.0,60349.9,v4,global,etf_btc,etf/bitcoin/flow-history,2026-04-24T04:28:48.731586+00:00
2024-08-26 00:00:00+00:00,200400000.0,64190.1,v4,global,etf_btc,etf/bitcoin/flow-history,2026-04-24T04:28:48.731586+00:00
2024-08-27 00:00:00+00:00,-127100000.0,62807.7,v4,global,etf_btc,etf/bitcoin/flow-history,2026-04-24T04:28:48.731586+00:00
2024-08-28 00:00:00+00:00,-105300000.0,59384.4,v4,global,etf_btc,etf/bitcoin/flow-history,2026-04-24T04:28:48.731586+00:00
2024-08-29 00:00:00+00:00,-71800000.0,59010.0,v4,global,etf_btc,etf/bitcoin/flow-history,2026-04-24T04:28:48.731586+00:00
2024-08-30 00:00:00+00:00,-175600000.0,59323.3,v4,global,etf_btc,etf/bitcoin/flow-history,2026-04-24T04:28:48.731586+00:00
2024-09-02 00:00:00+00:00,0.0,57268.2,v4,global,etf_btc,etf/bitcoin/flow-history,2026-04-24T04:28:48.731586+00:00
2024-09-03 00:00:00+00:00,-287800000.0,59112.2,v4,global,etf_btc,etf/bitcoin/flow-history,2026-04-24T04:28:48.731586+00:00
2024-09-04 00:00:00+00:00,-37200000.0,57452.0,v4,global,etf_btc,etf/bitcoin/flow-history,2026-04-24T04:28:48.731586+00:00
2024-09-05 00:00:00+00:00,-211100000.0,57944.8,v4,global,etf_btc,etf/bitcoin/flow-history,2026-04-24T04:28:48.731586+00:00
2024-09-06 00:00:00+00:00,-170000000.0,56145.7,v4,global,etf_btc,etf/bitcoin/flow-history,2026-04-24T04:28:48.731586+00:00
2024-09-09 00:00:00+00:00,28600000.0,54839.6,v4,global,etf_btc,etf/bitcoin/flow-history,2026-04-24T04:28:48.731586+00:00
2024-09-10 00:00:00+00:00,117000000.0,57010.1,v4,global,etf_btc,etf/bitcoin/flow-history,2026-04-24T04:28:48.731586+00:00
2024-09-11 00:00:00+00:00,-43900000.0,57609.2,v4,global,etf_btc,etf/bitcoin/flow-history,2026-04-24T04:28:48.731586+00:00
2024-09-12 00:00:00+00:00,39000000.0,57305.6,v4,global,etf_btc,etf/bitcoin/flow-history,2026-04-24T04:28:48.731586+00:00
2024-09-13 00:00:00+00:00,263200000.0,58097.1,v4,global,etf_btc,etf/bitcoin/flow-history,2026-04-24T04:28:48.731586+00:00
2024-09-16 00:00:00+00:00,12800000.0,59100.5,v4,global,etf_btc,etf/bitcoin/flow-history,2026-04-24T04:28:48.731586+00:00
2024-09-17 00:00:00+00:00,186800000.0,58186.9,v4,global,etf_btc,etf/bitcoin/flow-history,2026-04-24T04:28:48.731586+00:00
2024-09-18 00:00:00+00:00,-52700000.0,60281.0,v4,global,etf_btc,etf/bitcoin/flow-history,2026-04-24T04:28:48.731586+00:00
2024-09-19 00:00:00+00:00,158300000.0,61735.2,v4,global,etf_btc,etf/bitcoin/flow-history,2026-04-24T04:28:48.731586+00:00
2024-09-20 00:00:00+00:00,92000000.0,62926.9,v4,global,etf_btc,etf/bitcoin/flow-history,2026-04-24T04:28:48.731586+00:00
2024-09-23 00:00:00+00:00,4500000.0,63558.5,v4,global,etf_btc,etf/bitcoin/flow-history,2026-04-24T04:28:48.731586+00:00
2024-09-24 00:00:00+00:00,136700000.0,63302.1,v4,global,etf_btc,etf/bitcoin/flow-history,2026-04-24T04:28:48.731586+00:00
2024-09-25 00:00:00+00:00,105700000.0,64243.2,v4,global,etf_btc,etf/bitcoin/flow-history,2026-04-24T04:28:48.731586+00:00
2024-09-26 00:00:00+00:00,365700000.0,63118.3,v4,global,etf_btc,etf/bitcoin/flow-history,2026-04-24T04:28:48.731586+00:00
2024-09-27 00:00:00+00:00,494800000.0,65139.1,v4,global,etf_btc,etf/bitcoin/flow-history,2026-04-24T04:28:48.731586+00:00
2024-09-30 00:00:00+00:00,61300000.0,65568.2,v4,global,etf_btc,etf/bitcoin/flow-history,2026-04-24T04:28:48.731586+00:00
2024-10-01 00:00:00+00:00,-242600000.0,63309.0,v4,global,etf_btc,etf/bitcoin/flow-history,2026-04-24T04:28:48.731586+00:00
2024-10-02 00:00:00+00:00,-52900000.0,60776.7,v4,global,etf_btc,etf/bitcoin/flow-history,2026-04-24T04:28:48.731586+00:00
2024-10-03 00:00:00+00:00,-54200000.0,60622.7,v4,global,etf_btc,etf/bitcoin/flow-history,2026-04-24T04:28:48.731586+00:00
2024-10-04 00:00:00+00:00,25600000.0,60727.1,v4,global,etf_btc,etf/bitcoin/flow-history,2026-04-24T04:28:48.731586+00:00
2024-10-07 00:00:00+00:00,233800000.0,62789.2,v4,global,etf_btc,etf/bitcoin/flow-history,2026-04-24T04:28:48.731586+00:00
2024-10-08 00:00:00+00:00,-18600000.0,62190.6,v4,global,etf_btc,etf/bitcoin/flow-history,2026-04-24T04:28:48.731586+00:00
2024-10-09 00:00:00+00:00,-30600000.0,62131.8,v4,global,etf_btc,etf/bitcoin/flow-history,2026-04-24T04:28:48.731586+00:00
2024-10-10 00:00:00+00:00,-81100000.0,60606.3,v4,global,etf_btc,etf/bitcoin/flow-history,2026-04-24T04:28:48.731586+00:00
2024-10-11 00:00:00+00:00,253600000.0,60293.3,v4,global,etf_btc,etf/bitcoin/flow-history,2026-04-24T04:28:48.731586+00:00
2024-10-14 00:00:00+00:00,555900000.0,62839.7,v4,global,etf_btc,etf/bitcoin/flow-history,2026-04-24T04:28:48.731586+00:00
2024-10-15 00:00:00+00:00,373300000.0,66064.9,v4,global,etf_btc,etf/bitcoin/flow-history,2026-04-24T04:28:48.731586+00:00
2024-10-16 00:00:00+00:00,456900000.0,67044.0,v4,global,etf_btc,etf/bitcoin/flow-history,2026-04-24T04:28:48.731586+00:00
2024-10-17 00:00:00+00:00,473200000.0,67592.0,v4,global,etf_btc,etf/bitcoin/flow-history,2026-04-24T04:28:48.731586+00:00
2024-10-18 00:00:00+00:00,273700000.0,67401.4,v4,global,etf_btc,etf/bitcoin/flow-history,2026-04-24T04:28:48.731586+00:00
2024-10-21 00:00:00+00:00,297600000.0,69020.2,v4,global,etf_btc,etf/bitcoin/flow-history,2026-04-24T04:28:48.731586+00:00
2024-10-22 00:00:00+00:00,-87900000.0,67368.7,v4,global,etf_btc,etf/bitcoin/flow-history,2026-04-24T04:28:48.731586+00:00
2024-10-23 00:00:00+00:00,198500000.0,67406.5,v4,global,etf_btc,etf/bitcoin/flow-history,2026-04-24T04:28:48.731586+00:00
2024-10-24 00:00:00+00:00,187800000.0,66647.3,v4,global,etf_btc,etf/bitcoin/flow-history,2026-04-24T04:28:48.731586+00:00
2024-10-25 00:00:00+00:00,401200000.0,68173.8,v4,global,etf_btc,etf/bitcoin/flow-history,2026-04-24T04:28:48.731586+00:00
2024-10-28 00:00:00+00:00,472600000.0,67992.7,v4,global,etf_btc,etf/bitcoin/flow-history,2026-04-24T04:28:48.731586+00:00
2024-10-29 00:00:00+00:00,827000000.0,69939.9,v4,global,etf_btc,etf/bitcoin/flow-history,2026-04-24T04:28:48.731586+00:00
2024-10-30 00:00:00+00:00,896300000.0,72739.5,v4,global,etf_btc,etf/bitcoin/flow-history,2026-04-24T04:28:48.731586+00:00
2024-10-31 00:00:00+00:00,31300000.0,72349.0,v4,global,etf_btc,etf/bitcoin/flow-history,2026-04-24T04:28:48.731586+00:00
2024-11-01 00:00:00+00:00,-54900000.0,70321.9,v4,global,etf_btc,etf/bitcoin/flow-history,2026-04-24T04:28:48.731586+00:00
2024-11-04 00:00:00+00:00,-541100000.0,68762.4,v4,global,etf_btc,etf/bitcoin/flow-history,2026-04-24T04:28:48.731586+00:00
2024-11-05 00:00:00+00:00,-116800000.0,67834.4,v4,global,etf_btc,etf/bitcoin/flow-history,2026-04-24T04:28:48.731586+00:00
2024-11-06 00:00:00+00:00,621900000.0,69353.1,v4,global,etf_btc,etf/bitcoin/flow-history,2026-04-24T04:28:48.731586+00:00
2024-11-07 00:00:00+00:00,1359400000.0,75579.9,v4,global,etf_btc,etf/bitcoin/flow-history,2026-04-24T04:28:48.731586+00:00
2024-11-08 00:00:00+00:00,292400000.0,75859.4,v4,global,etf_btc,etf/bitcoin/flow-history,2026-04-24T04:28:48.731586+00:00
2024-11-11 00:00:00+00:00,1121200000.0,80409.9,v4,global,etf_btc,etf/bitcoin/flow-history,2026-04-24T04:28:48.731586+00:00
2024-11-12 00:00:00+00:00,801700000.0,88729.0,v4,global,etf_btc,etf/bitcoin/flow-history,2026-04-24T04:28:48.731586+00:00
2024-11-13 00:00:00+00:00,509400000.0,87972.0,v4,global,etf_btc,etf/bitcoin/flow-history,2026-04-24T04:28:48.731586+00:00
2024-11-14 00:00:00+00:00,-402000000.0,90413.3,v4,global,etf_btc,etf/bitcoin/flow-history,2026-04-24T04:28:48.731586+00:00
2024-11-15 00:00:00+00:00,-239600000.0,87382.6,v4,global,etf_btc,etf/bitcoin/flow-history,2026-04-24T04:28:48.731586+00:00
2024-11-18 00:00:00+00:00,254800000.0,89900.0,v4,global,etf_btc,etf/bitcoin/flow-history,2026-04-24T04:28:48.731586+00:00
2024-11-19 00:00:00+00:00,826900000.0,90507.4,v4,global,etf_btc,etf/bitcoin/flow-history,2026-04-24T04:28:48.731586+00:00
2024-11-20 00:00:00+00:00,774600000.0,92335.9,v4,global,etf_btc,etf/bitcoin/flow-history,2026-04-24T04:28:48.731586+00:00
2024-11-21 00:00:00+00:00,1004900000.0,94288.0,v4,global,etf_btc,etf/bitcoin/flow-history,2026-04-24T04:28:48.731586+00:00
2024-11-22 00:00:00+00:00,485800000.0,98366.8,v4,global,etf_btc,etf/bitcoin/flow-history,2026-04-24T04:28:48.731586+00:00
2024-11-25 00:00:00+00:00,-435300000.0,97960.5,v4,global,etf_btc,etf/bitcoin/flow-history,2026-04-24T04:28:48.731586+00:00
2024-11-26 00:00:00+00:00,-122800000.0,93064.1,v4,global,etf_btc,etf/bitcoin/flow-history,2026-04-24T04:28:48.731586+00:00
2024-11-27 00:00:00+00:00,103000000.0,92021.5,v4,global,etf_btc,etf/bitcoin/flow-history,2026-04-24T04:28:48.731586+00:00
2024-11-28 00:00:00+00:00,0.0,95905.2,v4,global,etf_btc,etf/bitcoin/flow-history,2026-04-24T04:28:48.731586+00:00
2024-11-29 00:00:00+00:00,318600000.0,95694.4,v4,global,etf_btc,etf/bitcoin/flow-history,2026-04-24T04:28:48.731586+00:00
2024-12-02 00:00:00+00:00,422100000.0,97265.0,v4,global,etf_btc,etf/bitcoin/flow-history,2026-04-24T04:28:48.731586+00:00
2024-12-03 00:00:00+00:00,676000000.0,95890.6,v4,global,etf_btc,etf/bitcoin/flow-history,2026-04-24T04:28:48.731586+00:00
2024-12-04 00:00:00+00:00,555800000.0,95913.3,v4,global,etf_btc,etf/bitcoin/flow-history,2026-04-24T04:28:48.731586+00:00
2024-12-05 00:00:00+00:00,747800000.0,98669.8,v4,global,etf_btc,etf/bitcoin/flow-history,2026-04-24T04:28:48.731586+00:00
2024-12-06 00:00:00+00:00,372800000.0,97001.6,v4,global,etf_btc,etf/bitcoin/flow-history,2026-04-24T04:28:48.731586+00:00
2024-12-09 00:00:00+00:00,483600000.0,101200.1,v4,global,etf_btc,etf/bitcoin/flow-history,2026-04-24T04:28:48.731586+00:00
2024-12-10 00:00:00+00:00,438900000.0,97349.1,v4,global,etf_btc,etf/bitcoin/flow-history,2026-04-24T04:28:48.731586+00:00
2024-12-11 00:00:00+00:00,223100000.0,96602.3,v4,global,etf_btc,etf/bitcoin/flow-history,2026-04-24T04:28:48.731586+00:00
2024-12-12 00:00:00+00:00,596600000.0,101115.3,v4,global,etf_btc,etf/bitcoin/flow-history,2026-04-24T04:28:48.731586+00:00
2024-12-13 00:00:00+00:00,430700000.0,99982.3,v4,global,etf_btc,etf/bitcoin/flow-history,2026-04-24T04:28:48.731586+00:00
2024-12-16 00:00:00+00:00,637500000.0,104460.5,v4,global,etf_btc,etf/bitcoin/flow-history,2026-04-24T04:28:48.731586+00:00
2024-12-17 00:00:00+00:00,486100000.0,106023.2,v4,global,etf_btc,etf/bitcoin/flow-history,2026-04-24T04:28:48.731586+00:00
2024-12-18 00:00:00+00:00,272300000.0,106074.6,v4,global,etf_btc,etf/bitcoin/flow-history,2026-04-24T04:28:48.731586+00:00
2024-12-19 00:00:00+00:00,-671900000.0,100181.2,v4,global,etf_btc,etf/bitcoin/flow-history,2026-04-24T04:28:48.731586+00:00
2024-12-20 00:00:00+00:00,-277000000.0,97434.3,v4,global,etf_btc,etf/bitcoin/flow-history,2026-04-24T04:28:48.731586+00:00
2024-12-23 00:00:00+00:00,-226500000.0,95153.4,v4,global,etf_btc,etf/bitcoin/flow-history,2026-04-24T04:28:48.731586+00:00
2024-12-24 00:00:00+00:00,-338400000.0,94861.0,v4,global,etf_btc,etf/bitcoin/flow-history,2026-04-24T04:28:48.731586+00:00
2024-12-25 00:00:00+00:00,0.0,98626.9,v4,global,etf_btc,etf/bitcoin/flow-history,2026-04-24T04:28:48.731586+00:00
2024-12-26 00:00:00+00:00,475200000.0,99379.6,v4,global,etf_btc,etf/bitcoin/flow-history,2026-04-24T04:28:48.731586+00:00
2024-12-27 00:00:00+00:00,-287900000.0,95750.9,v4,global,etf_btc,etf/bitcoin/flow-history,2026-04-24T04:28:48.731586+00:00
2024-12-30 00:00:00+00:00,-415100000.0,93699.9,v4,global,etf_btc,etf/bitcoin/flow-history,2026-04-24T04:28:48.731586+00:00
2024-12-31 00:00:00+00:00,5300000.0,92759.3,v4,global,etf_btc,etf/bitcoin/flow-history,2026-04-24T04:28:48.731586+00:00
2025-01-01 00:00:00+00:00,0.0,93548.8,v4,global,etf_btc,etf/bitcoin/flow-history,2026-04-24T04:28:48.731586+00:00
2025-01-02 00:00:00+00:00,-242300000.0,94580.9,v4,global,etf_btc,etf/bitcoin/flow-history,2026-04-24T04:28:48.731586+00:00
2025-01-03 00:00:00+00:00,907300000.0,96967.6,v4,global,etf_btc,etf/bitcoin/flow-history,2026-04-24T04:28:48.731586+00:00
2025-01-06 00:00:00+00:00,978600000.0,98340.2,v4,global,etf_btc,etf/bitcoin/flow-history,2026-04-24T04:28:48.731586+00:00
2025-01-07 00:00:00+00:00,52400000.0,102180.5,v4,global,etf_btc,etf/bitcoin/flow-history,2026-04-24T04:28:48.731586+00:00
2025-01-08 00:00:00+00:00,-568800000.0,96920.2,v4,global,etf_btc,etf/bitcoin/flow-history,2026-04-24T04:28:48.731586+00:00
2025-01-09 00:00:00+00:00,0.0,95014.0,v4,global,etf_btc,etf/bitcoin/flow-history,2026-04-24T04:28:48.731586+00:00
2025-01-10 00:00:00+00:00,-149400000.0,92506.0,v4,global,etf_btc,etf/bitcoin/flow-history,2026-04-24T04:28:48.731586+00:00
2025-01-13 00:00:00+00:00,-284100000.0,94499.9,v4,global,etf_btc,etf/bitcoin/flow-history,2026-04-24T04:28:48.731586+00:00
2025-01-14 00:00:00+00:00,-209800000.0,94485.4,v4,global,etf_btc,etf/bitcoin/flow-history,2026-04-24T04:28:48.731586+00:00
2025-01-15 00:00:00+00:00,755100000.0,96514.9,v4,global,etf_btc,etf/bitcoin/flow-history,2026-04-24T04:28:48.731586+00:00
2025-01-16 00:00:00+00:00,626100000.0,100460.1,v4,global,etf_btc,etf/bitcoin/flow-history,2026-04-24T04:28:48.731586+00:00
2025-01-17 00:00:00+00:00,975600000.0,99937.4,v4,global,etf_btc,etf/bitcoin/flow-history,2026-04-24T04:28:48.731586+00:00
2025-01-20 00:00:00+00:00,0.0,101311.5,v4,global,etf_btc,etf/bitcoin/flow-history,2026-04-24T04:28:48.731586+00:00
2025-01-21 00:00:00+00:00,802600000.0,102247.7,v4,global,etf_btc,etf/bitcoin/flow-history,2026-04-24T04:28:48.731586+00:00
2025-01-22 00:00:00+00:00,248700000.0,106115.4,v4,global,etf_btc,etf/bitcoin/flow-history,2026-04-24T04:28:48.731586+00:00
2025-01-23 00:00:00+00:00,188700000.0,103664.9,v4,global,etf_btc,etf/bitcoin/flow-history,2026-04-24T04:28:48.731586+00:00
2025-01-24 00:00:00+00:00,517700000.0,103864.0,v4,global,etf_btc,etf/bitcoin/flow-history,2026-04-24T04:28:48.731586+00:00
2025-01-27 00:00:00+00:00,-457600000.0,102560.0,v4,global,etf_btc,etf/bitcoin/flow-history,2026-04-24T04:28:48.731586+00:00
2025-01-28 00:00:00+00:00,18400000.0,102021.2,v4,global,etf_btc,etf/bitcoin/flow-history,2026-04-24T04:28:48.731586+00:00
2025-01-29 00:00:00+00:00,92000000.0,101279.7,v4,global,etf_btc,etf/bitcoin/flow-history,2026-04-24T04:28:48.731586+00:00
2025-01-30 00:00:00+00:00,588100000.0,103698.1,v4,global,etf_btc,etf/bitcoin/flow-history,2026-04-24T04:28:48.731586+00:00
2025-01-31 00:00:00+00:00,318600000.0,104676.9,v4,global,etf_btc,etf/bitcoin/flow-history,2026-04-24T04:28:48.731586+00:00
2025-02-03 00:00:00+00:00,-234400000.0,97664.5,v4,global,etf_btc,etf/bitcoin/flow-history,2026-04-24T04:28:48.731586+00:00
2025-02-04 00:00:00+00:00,340700000.0,101293.6,v4,global,etf_btc,etf/bitcoin/flow-history,2026-04-24T04:28:48.731586+00:00
2025-02-05 00:00:00+00:00,66400000.0,97710.0,v4,global,etf_btc,etf/bitcoin/flow-history,2026-04-24T04:28:48.731586+00:00
2025-02-06 00:00:00+00:00,-140200000.0,96553.2,v4,global,etf_btc,etf/bitcoin/flow-history,2026-04-24T04:28:48.731586+00:00
2025-02-07 00:00:00+00:00,171300000.0,96515.0,v4,global,etf_btc,etf/bitcoin/flow-history,2026-04-24T04:28:48.731586+00:00
2025-02-10 00:00:00+00:00,-186300000.0,96423.6,v4,global,etf_btc,etf/bitcoin/flow-history,2026-04-24T04:28:48.731586+00:00
2025-02-11 00:00:00+00:00,-56700000.0,97379.2,v4,global,etf_btc,etf/bitcoin/flow-history,2026-04-24T04:28:48.731586+00:00
2025-02-12 00:00:00+00:00,-251000000.0,95731.4,v4,global,etf_btc,etf/bitcoin/flow-history,2026-04-24T04:28:48.731586+00:00
2025-02-13 00:00:00+00:00,-156800000.0,97816.3,v4,global,etf_btc,etf/bitcoin/flow-history,2026-04-24T04:28:48.731586+00:00
2025-02-14 00:00:00+00:00,70600000.0,96560.6,v4,global,etf_btc,etf/bitcoin/flow-history,2026-04-24T04:28:48.731586+00:00
2025-02-17 00:00:00+00:00,0.0,96067.0,v4,global,etf_btc,etf/bitcoin/flow-history,2026-04-24T04:28:48.731586+00:00
2025-02-18 00:00:00+00:00,-60700000.0,95743.1,v4,global,etf_btc,etf/bitcoin/flow-history,2026-04-24T04:28:48.731586+00:00
2025-02-19 00:00:00+00:00,-64100000.0,95622.0,v4,global,etf_btc,etf/bitcoin/flow-history,2026-04-24T04:28:48.731586+00:00
2025-02-20 00:00:00+00:00,-364800000.0,96597.9,v4,global,etf_btc,etf/bitcoin/flow-history,2026-04-24T04:28:48.731586+00:00
2025-02-21 00:00:00+00:00,-50400000.0,98252.8,v4,global,etf_btc,etf/bitcoin/flow-history,2026-04-24T04:28:48.731586+00:00
2025-02-24 00:00:00+00:00,-516400000.0,96218.4,v4,global,etf_btc,etf/bitcoin/flow-history,2026-04-24T04:28:48.731586+00:00
2025-02-25 00:00:00+00:00,-937900000.0,91514.5,v4,global,etf_btc,etf/bitcoin/flow-history,2026-04-24T04:28:48.731586+00:00
2025-02-26 00:00:00+00:00,-754600000.0,88639.0,v4,global,etf_btc,etf/bitcoin/flow-history,2026-04-24T04:28:48.731586+00:00
2025-02-27 00:00:00+00:00,-275900000.0,84208.6,v4,global,etf_btc,etf/bitcoin/flow-history,2026-04-24T04:28:48.731586+00:00
2025-02-28 00:00:00+00:00,94300000.0,84668.2,v4,global,etf_btc,etf/bitcoin/flow-history,2026-04-24T04:28:48.731586+00:00
2025-03-03 00:00:00+00:00,-74200000.0,94222.0,v4,global,etf_btc,etf/bitcoin/flow-history,2026-04-24T04:28:48.731586+00:00
2025-03-04 00:00:00+00:00,-143500000.0,86193.3,v4,global,etf_btc,etf/bitcoin/flow-history,2026-04-24T04:28:48.731586+00:00
2025-03-05 00:00:00+00:00,22100000.0,87245.9,v4,global,etf_btc,etf/bitcoin/flow-history,2026-04-24T04:28:48.731586+00:00
2025-03-06 00:00:00+00:00,-134300000.0,90566.1,v4,global,etf_btc,etf/bitcoin/flow-history,2026-04-24T04:28:48.731586+00:00
2025-03-07 00:00:00+00:00,-409300000.0,89887.9,v4,global,etf_btc,etf/bitcoin/flow-history,2026-04-24T04:28:48.731586+00:00
2025-03-10 00:00:00+00:00,-278400000.0,80690.7,v4,global,etf_btc,etf/bitcoin/flow-history,2026-04-24T04:28:48.731586+00:00
2025-03-11 00:00:00+00:00,-371000000.0,78567.8,v4,global,etf_btc,etf/bitcoin/flow-history,2026-04-24T04:28:48.731586+00:00
2025-03-12 00:00:00+00:00,13300000.0,82896.0,v4,global,etf_btc,etf/bitcoin/flow-history,2026-04-24T04:28:48.731586+00:00
2025-03-13 00:00:00+00:00,-135200000.0,83640.6,v4,global,etf_btc,etf/bitcoin/flow-history,2026-04-24T04:28:48.731586+00:00
2025-03-14 00:00:00+00:00,-59200000.0,81085.5,v4,global,etf_btc,etf/bitcoin/flow-history,2026-04-24T04:28:48.731586+00:00
2025-03-17 00:00:00+00:00,274600000.0,82541.6,v4,global,etf_btc,etf/bitcoin/flow-history,2026-04-24T04:28:48.731586+00:00
2025-03-18 00:00:00+00:00,209100000.0,83963.0,v4,global,etf_btc,etf/bitcoin/flow-history,2026-04-24T04:28:48.731586+00:00
2025-03-19 00:00:00+00:00,11800000.0,82666.2,v4,global,etf_btc,etf/bitcoin/flow-history,2026-04-24T04:28:48.731586+00:00
2025-03-20 00:00:00+00:00,165700000.0,86809.9,v4,global,etf_btc,etf/bitcoin/flow-history,2026-04-24T04:28:48.731586+00:00
2025-03-21 00:00:00+00:00,83100000.0,84183.6,v4,global,etf_btc,etf/bitcoin/flow-history,2026-04-24T04:28:48.731586+00:00
2025-03-24 00:00:00+00:00,84200000.0,86044.1,v4,global,etf_btc,etf/bitcoin/flow-history,2026-04-24T04:28:48.731586+00:00
2025-03-25 00:00:00+00:00,26800000.0,87463.4,v4,global,etf_btc,etf/bitcoin/flow-history,2026-04-24T04:28:48.731586+00:00
2025-03-26 00:00:00+00:00,89600000.0,87369.9,v4,global,etf_btc,etf/bitcoin/flow-history,2026-04-24T04:28:48.731586+00:00
2025-03-27 00:00:00+00:00,89000000.0,86873.9,v4,global,etf_btc,etf/bitcoin/flow-history,2026-04-24T04:28:48.731586+00:00
2025-03-28 00:00:00+00:00,-93200000.0,87191.2,v4,global,etf_btc,etf/bitcoin/flow-history,2026-04-24T04:28:48.731586+00:00
2025-03-31 00:00:00+00:00,-60600000.0,82353.1,v4,global,etf_btc,etf/bitcoin/flow-history,2026-04-24T04:28:48.731586+00:00
2025-04-01 00:00:00+00:00,-157800000.0,82517.5,v4,global,etf_btc,etf/bitcoin/flow-history,2026-04-24T04:28:48.731586+00:00
2025-04-02 00:00:00+00:00,218100000.0,85121.0,v4,global,etf_btc,etf/bitcoin/flow-history,2026-04-24T04:28:48.731586+00:00
2025-04-03 00:00:00+00:00,-99800000.0,82485.1,v4,global,etf_btc,etf/bitcoin/flow-history,2026-04-24T04:28:48.731586+00:00
2025-04-04 00:00:00+00:00,-64900000.0,83181.7,v4,global,etf_btc,etf/bitcoin/flow-history,2026-04-24T04:28:48.731586+00:00
2025-04-07 00:00:00+00:00,-103900000.0,78390.1,v4,global,etf_btc,etf/bitcoin/flow-history,2026-04-24T04:28:48.731586+00:00
2025-04-08 00:00:00+00:00,-326300000.0,79140.1,v4,global,etf_btc,etf/bitcoin/flow-history,2026-04-24T04:28:48.731586+00:00
2025-04-09 00:00:00+00:00,-127200000.0,76298.0,v4,global,etf_btc,etf/bitcoin/flow-history,2026-04-24T04:28:48.731586+00:00
2025-04-10 00:00:00+00:00,-149500000.0,82587.9,v4,global,etf_btc,etf/bitcoin/flow-history,2026-04-24T04:28:48.731586+00:00
2025-04-11 00:00:00+00:00,-1000000.0,79560.3,v4,global,etf_btc,etf/bitcoin/flow-history,2026-04-24T04:28:48.731586+00:00
2025-04-14 00:00:00+00:00,1500000.0,83713.8,v4,global,etf_btc,etf/bitcoin/flow-history,2026-04-24T04:28:48.731586+00:00
2025-04-15 00:00:00+00:00,76400000.0,84553.9,v4,global,etf_btc,etf/bitcoin/flow-history,2026-04-24T04:28:48.731586+00:00
2025-04-16 00:00:00+00:00,-171100000.0,83608.6,v4,global,etf_btc,etf/bitcoin/flow-history,2026-04-24T04:28:48.731586+00:00
2025-04-17 00:00:00+00:00,106900000.0,83990.1,v4,global,etf_btc,etf/bitcoin/flow-history,2026-04-24T04:28:48.731586+00:00
2025-04-18 00:00:00+00:00,0.0,84914.9,v4,global,etf_btc,etf/bitcoin/flow-history,2026-04-24T04:28:48.731586+00:00
2025-04-21 00:00:00+00:00,381300000.0,85138.9,v4,global,etf_btc,etf/bitcoin/flow-history,2026-04-24T04:28:48.731586+00:00
2025-04-22 00:00:00+00:00,912700000.0,87466.1,v4,global,etf_btc,etf/bitcoin/flow-history,2026-04-24T04:28:48.731586+00:00
2025-04-23 00:00:00+00:00,917000000.0,93404.9,v4,global,etf_btc,etf/bitcoin/flow-history,2026-04-24T04:28:48.731586+00:00
2025-04-24 00:00:00+00:00,442000000.0,93632.2,v4,global,etf_btc,etf/bitcoin/flow-history,2026-04-24T04:28:48.731586+00:00
2025-04-25 00:00:00+00:00,380000000.0,93931.5,v4,global,etf_btc,etf/bitcoin/flow-history,2026-04-24T04:28:48.731586+00:00
2025-04-28 00:00:00+00:00,591200000.0,93697.0,v4,global,etf_btc,etf/bitcoin/flow-history,2026-04-24T04:28:48.731586+00:00
2025-04-29 00:00:00+00:00,172800000.0,94969.0,v4,global,etf_btc,etf/bitcoin/flow-history,2026-04-24T04:28:48.731586+00:00
2025-04-30 00:00:00+00:00,-56300000.0,94200.2,v4,global,etf_btc,etf/bitcoin/flow-history,2026-04-24T04:28:48.731586+00:00
2025-05-01 00:00:00+00:00,422500000.0,94125.2,v4,global,etf_btc,etf/bitcoin/flow-history,2026-04-24T04:28:48.731586+00:00
2025-05-02 00:00:00+00:00,674900000.0,96423.2,v4,global,etf_btc,etf/bitcoin/flow-history,2026-04-24T04:28:48.731586+00:00
2025-05-05 00:00:00+00:00,425500000.0,94230.2,v4,global,etf_btc,etf/bitcoin/flow-history,2026-04-24T04:28:48.731586+00:00
2025-05-06 00:00:00+00:00,-85700000.0,94696.7,v4,global,etf_btc,etf/bitcoin/flow-history,2026-04-24T04:28:48.731586+00:00
2025-05-07 00:00:00+00:00,142300000.0,96798.9,v4,global,etf_btc,etf/bitcoin/flow-history,2026-04-24T04:28:48.731586+00:00
2025-05-08 00:00:00+00:00,117400000.0,96988.4,v4,global,etf_btc,etf/bitcoin/flow-history,2026-04-24T04:28:48.731586+00:00
2025-05-09 00:00:00+00:00,321400000.0,103228.0,v4,global,etf_btc,etf/bitcoin/flow-history,2026-04-24T04:28:48.731586+00:00
2025-05-12 00:00:00+00:00,5200000.0,104072.7,v4,global,etf_btc,etf/bitcoin/flow-history,2026-04-24T04:28:48.731586+00:00
2025-05-13 00:00:00+00:00,-91400000.0,102739.2,v4,global,etf_btc,etf/bitcoin/flow-history,2026-04-24T04:28:48.731586+00:00
2025-05-14 00:00:00+00:00,319500000.0,104082.0,v4,global,etf_btc,etf/bitcoin/flow-history,2026-04-24T04:28:48.731586+00:00
2025-05-15 00:00:00+00:00,114900000.0,103458.1,v4,global,etf_btc,etf/bitcoin/flow-history,2026-04-24T04:28:48.731586+00:00
2025-05-16 00:00:00+00:00,260200000.0,103714.2,v4,global,etf_btc,etf/bitcoin/flow-history,2026-04-24T04:28:48.731586+00:00
2025-05-19 00:00:00+00:00,667400000.0,106407.5,v4,global,etf_btc,etf/bitcoin/flow-history,2026-04-24T04:28:48.731586+00:00
2025-05-20 00:00:00+00:00,329200000.0,105531.5,v4,global,etf_btc,etf/bitcoin/flow-history,2026-04-24T04:28:48.731586+00:00
2025-05-21 00:00:00+00:00,607100000.0,106800.0,v4,global,etf_btc,etf/bitcoin/flow-history,2026-04-24T04:28:48.731586+00:00
2025-05-22 00:00:00+00:00,934800000.0,109609.6,v4,global,etf_btc,etf/bitcoin/flow-history,2026-04-24T04:28:48.731586+00:00
2025-05-23 00:00:00+00:00,211700000.0,111662.6,v4,global,etf_btc,etf/bitcoin/flow-history,2026-04-24T04:28:48.731586+00:00
2025-05-26 00:00:00+00:00,0.0,108956.0,v4,global,etf_btc,etf/bitcoin/flow-history,2026-04-24T04:28:48.731586+00:00
2025-05-27 00:00:00+00:00,385400000.0,109386.8,v4,global,etf_btc,etf/bitcoin/flow-history,2026-04-24T04:28:48.731586+00:00
2025-05-28 00:00:00+00:00,432700000.0,108889.2,v4,global,etf_btc,etf/bitcoin/flow-history,2026-04-24T04:28:48.731586+00:00
2025-05-29 00:00:00+00:00,-346800000.0,107723.1,v4,global,etf_btc,etf/bitcoin/flow-history,2026-04-24T04:28:48.731586+00:00
2025-05-30 00:00:00+00:00,-616100000.0,105539.9,v4,global,etf_btc,etf/bitcoin/flow-history,2026-04-24T04:28:48.731586+00:00
2025-06-02 00:00:00+00:00,-267500000.0,105583.3,v4,global,etf_btc,etf/bitcoin/flow-history,2026-04-24T04:28:48.731586+00:00
2025-06-03 00:00:00+00:00,375100000.0,105814.4,v4,global,etf_btc,etf/bitcoin/flow-history,2026-04-24T04:28:48.731586+00:00
2025-06-04 00:00:00+00:00,87000000.0,105330.1,v4,global,etf_btc,etf/bitcoin/flow-history,2026-04-24T04:28:48.731586+00:00
2025-06-05 00:00:00+00:00,-278400000.0,104641.8,v4,global,etf_btc,etf/bitcoin/flow-history,2026-04-24T04:28:48.731586+00:00
2025-06-06 00:00:00+00:00,-47800000.0,101458.7,v4,global,etf_btc,etf/bitcoin/flow-history,2026-04-24T04:28:48.731586+00:00
2025-06-09 00:00:00+00:00,386200000.0,105676.5,v4,global,etf_btc,etf/bitcoin/flow-history,2026-04-24T04:28:48.731586+00:00
2025-06-10 00:00:00+00:00,431200000.0,110228.0,v4,global,etf_btc,etf/bitcoin/flow-history,2026-04-24T04:28:48.731586+00:00
2025-06-11 00:00:00+00:00,164600000.0,110235.4,v4,global,etf_btc,etf/bitcoin/flow-history,2026-04-24T04:28:48.731586+00:00
2025-06-12 00:00:00+00:00,86300000.0,108600.1,v4,global,etf_btc,etf/bitcoin/flow-history,2026-04-24T04:28:48.731586+00:00
2025-06-13 00:00:00+00:00,301700000.0,105609.4,v4,global,etf_btc,etf/bitcoin/flow-history,2026-04-24T04:28:48.731586+00:00
2025-06-16 00:00:00+00:00,433900000.0,105534.7,v4,global,etf_btc,etf/bitcoin/flow-history,2026-04-24T04:28:48.731586+00:00
2025-06-17 00:00:00+00:00,216500000.0,106750.1,v4,global,etf_btc,etf/bitcoin/flow-history,2026-04-24T04:28:48.731586+00:00
2025-06-18 00:00:00+00:00,388300000.0,104508.0,v4,global,etf_btc,etf/bitcoin/flow-history,2026-04-24T04:28:48.731586+00:00
2025-06-19 00:00:00+00:00,0.0,104832.8,v4,global,etf_btc,etf/bitcoin/flow-history,2026-04-24T04:28:48.731586+00:00
2025-06-20 00:00:00+00:00,6400000.0,104607.1,v4,global,etf_btc,etf/bitcoin/flow-history,2026-04-24T04:28:48.731586+00:00
2025-06-23 00:00:00+00:00,350600000.0,100904.7,v4,global,etf_btc,etf/bitcoin/flow-history,2026-04-24T04:28:48.731586+00:00
2025-06-24 00:00:00+00:00,588600000.0,105291.0,v4,global,etf_btc,etf/bitcoin/flow-history,2026-04-24T04:28:48.731586+00:00
2025-06-25 00:00:00+00:00,547700000.0,106034.9,v4,global,etf_btc,etf/bitcoin/flow-history,2026-04-24T04:28:48.731586+00:00
2025-06-26 00:00:00+00:00,226700000.0,107280.1,v4,global,etf_btc,etf/bitcoin/flow-history,2026-04-24T04:28:48.731586+00:00
2025-06-27 00:00:00+00:00,501200000.0,106913.8,v4,global,etf_btc,etf/bitcoin/flow-history,2026-04-24T04:28:48.731586+00:00
2025-06-30 00:00:00+00:00,102100000.0,108309.8,v4,global,etf_btc,etf/bitcoin/flow-history,2026-04-24T04:28:48.731586+00:00
2025-07-01 00:00:00+00:00,-342200000.0,107087.3,v4,global,etf_btc,etf/bitcoin/flow-history,2026-04-24T04:28:48.731586+00:00
2025-07-02 00:00:00+00:00,407800000.0,105637.9,v4,global,etf_btc,etf/bitcoin/flow-history,2026-04-24T04:28:48.731586+00:00
2025-07-03 00:00:00+00:00,601800000.0,108800.0,v4,global,etf_btc,etf/bitcoin/flow-history,2026-04-24T04:28:48.731586+00:00
2025-07-04 00:00:00+00:00,0.0,109545.1,v4,global,etf_btc,etf/bitcoin/flow-history,2026-04-24T04:28:48.731586+00:00
2025-07-07 00:00:00+00:00,216500000.0,109145.8,v4,global,etf_btc,etf/bitcoin/flow-history,2026-04-24T04:28:48.731586+00:00
2025-07-08 00:00:00+00:00,75300000.0,108203.9,v4,global,etf_btc,etf/bitcoin/flow-history,2026-04-24T04:28:48.731586+00:00
2025-07-09 00:00:00+00:00,215700000.0,108873.2,v4,global,etf_btc,etf/bitcoin/flow-history,2026-04-24T04:28:48.731586+00:00
2025-07-10 00:00:00+00:00,1175600000.0,111199.8,v4,global,etf_btc,etf/bitcoin/flow-history,2026-04-24T04:28:48.731586+00:00
2025-07-11 00:00:00+00:00,1029600000.0,115979.2,v4,global,etf_btc,etf/bitcoin/flow-history,2026-04-24T04:28:48.731586+00:00
2025-07-14 00:00:00+00:00,297400000.0,119038.3,v4,global,etf_btc,etf/bitcoin/flow-history,2026-04-24T04:28:48.731586+00:00
2025-07-15 00:00:00+00:00,403100000.0,119816.5,v4,global,etf_btc,etf/bitcoin/flow-history,2026-04-24T04:28:48.731586+00:00
2025-07-16 00:00:00+00:00,799400000.0,117738.6,v4,global,etf_btc,etf/bitcoin/flow-history,2026-04-24T04:28:48.731586+00:00
2025-07-17 00:00:00+00:00,514800000.0,118590.6,v4,global,etf_btc,etf/bitcoin/flow-history,2026-04-24T04:28:48.731586+00:00
2025-07-18 00:00:00+00:00,363500000.0,119176.5,v4,global,etf_btc,etf/bitcoin/flow-history,2026-04-24T04:28:48.731586+00:00
2025-07-21 00:00:00+00:00,-131400000.0,117216.1,v4,global,etf_btc,etf/bitcoin/flow-history,2026-04-24T04:28:48.731586+00:00
2025-07-22 00:00:00+00:00,-68000000.0,117330.2,v4,global,etf_btc,etf/bitcoin/flow-history,2026-04-24T04:28:48.731586+00:00
2025-07-23 00:00:00+00:00,-85800000.0,119993.7,v4,global,etf_btc,etf/bitcoin/flow-history,2026-04-24T04:28:48.731586+00:00
2025-07-24 00:00:00+00:00,226700000.0,118713.4,v4,global,etf_btc,etf/bitcoin/flow-history,2026-04-24T04:28:48.731586+00:00
2025-07-25 00:00:00+00:00,130800000.0,118294.4,v4,global,etf_btc,etf/bitcoin/flow-history,2026-04-24T04:28:48.731586+00:00
2025-07-28 00:00:00+00:00,157100000.0,119423.5,v4,global,etf_btc,etf/bitcoin/flow-history,2026-04-24T04:28:48.731586+00:00
2025-07-29 00:00:00+00:00,80000000.0,118041.5,v4,global,etf_btc,etf/bitcoin/flow-history,2026-04-24T04:28:48.731586+00:00
2025-07-30 00:00:00+00:00,47100000.0,117897.1,v4,global,etf_btc,etf/bitcoin/flow-history,2026-04-24T04:28:48.731586+00:00
2025-07-31 00:00:00+00:00,-114800000.0,117771.1,v4,global,etf_btc,etf/bitcoin/flow-history,2026-04-24T04:28:48.731586+00:00
2025-08-01 00:00:00+00:00,-812300000.0,115697.3,v4,global,etf_btc,etf/bitcoin/flow-history,2026-04-24T04:28:48.731586+00:00
2025-08-04 00:00:00+00:00,-323500000.0,114150.9,v4,global,etf_btc,etf/bitcoin/flow-history,2026-04-24T04:28:48.731586+00:00
2025-08-05 00:00:00+00:00,-196200000.0,115002.1,v4,global,etf_btc,etf/bitcoin/flow-history,2026-04-24T04:28:48.731586+00:00
2025-08-06 00:00:00+00:00,91600000.0,114069.6,v4,global,etf_btc,etf/bitcoin/flow-history,2026-04-24T04:28:48.731586+00:00
2025-08-07 00:00:00+00:00,277400000.0,114941.0,v4,global,etf_btc,etf/bitcoin/flow-history,2026-04-24T04:28:48.731586+00:00
2025-08-08 00:00:00+00:00,403900000.0,117419.9,v4,global,etf_btc,etf/bitcoin/flow-history,2026-04-24T04:28:48.731586+00:00
2025-08-11 00:00:00+00:00,178100000.0,119255.3,v4,global,etf_btc,etf/bitcoin/flow-history,2026-04-24T04:28:48.731586+00:00
2025-08-12 00:00:00+00:00,65900000.0,118641.8,v4,global,etf_btc,etf/bitcoin/flow-history,2026-04-24T04:28:48.731586+00:00
2025-08-13 00:00:00+00:00,86900000.0,120080.9,v4,global,etf_btc,etf/bitcoin/flow-history,2026-04-24T04:28:48.731586+00:00
2025-08-14 00:00:00+00:00,230800000.0,123323.9,v4,global,etf_btc,etf/bitcoin/flow-history,2026-04-24T04:28:48.731586+00:00
2025-08-15 00:00:00+00:00,-14100000.0,118242.2,v4,global,etf_btc,etf/bitcoin/flow-history,2026-04-24T04:28:48.731586+00:00
2025-08-18 00:00:00+00:00,-121700000.0,117353.9,v4,global,etf_btc,etf/bitcoin/flow-history,2026-04-24T04:28:48.731586+00:00
2025-08-19 00:00:00+00:00,-523300000.0,116183.6,v4,global,etf_btc,etf/bitcoin/flow-history,2026-04-24T04:28:48.731586+00:00
2025-08-20 00:00:00+00:00,-315900000.0,112824.1,v4,global,etf_btc,etf/bitcoin/flow-history,2026-04-24T04:28:48.731586+00:00
2025-08-21 00:00:00+00:00,-194400000.0,114220.5,v4,global,etf_btc,etf/bitcoin/flow-history,2026-04-24T04:28:48.731586+00:00
2025-08-22 00:00:00+00:00,-23200000.0,112462.2,v4,global,etf_btc,etf/bitcoin/flow-history,2026-04-24T04:28:48.731586+00:00
2025-08-25 00:00:00+00:00,219100000.0,113446.2,v4,global,etf_btc,etf/bitcoin/flow-history,2026-04-24T04:28:48.731586+00:00
2025-08-26 00:00:00+00:00,88100000.0,110064.1,v4,global,etf_btc,etf/bitcoin/flow-history,2026-04-24T04:28:48.731586+00:00
2025-08-27 00:00:00+00:00,81400000.0,111710.0,v4,global,etf_btc,etf/bitcoin/flow-history,2026-04-24T04:28:48.731586+00:00
2025-08-28 00:00:00+00:00,178900000.0,111194.9,v4,global,etf_btc,etf/bitcoin/flow-history,2026-04-24T04:28:48.731586+00:00
2025-08-29 00:00:00+00:00,-126700000.0,112507.3,v4,global,etf_btc,etf/bitcoin/flow-history,2026-04-24T04:28:48.731586+00:00
2025-09-02 00:00:00+00:00,332800000.0,109187.9,v4,global,etf_btc,etf/bitcoin/flow-history,2026-04-24T04:28:48.731586+00:00
2025-09-03 00:00:00+00:00,300500000.0,111187.9,v4,global,etf_btc,etf/bitcoin/flow-history,2026-04-24T04:28:48.731586+00:00
2025-09-04 00:00:00+00:00,-222900000.0,111659.7,v4,global,etf_btc,etf/bitcoin/flow-history,2026-04-24T04:28:48.731586+00:00
2025-09-05 00:00:00+00:00,-160100000.0,110679.5,v4,global,etf_btc,etf/bitcoin/flow-history,2026-04-24T04:28:48.731586+00:00
2025-09-08 00:00:00+00:00,364300000.0,111075.5,v4,global,etf_btc,etf/bitcoin/flow-history,2026-04-24T04:28:48.731586+00:00
2025-09-09 00:00:00+00:00,23000000.0,112012.7,v4,global,etf_btc,etf/bitcoin/flow-history,2026-04-24T04:28:48.731586+00:00
2025-09-10 00:00:00+00:00,741500000.0,111500.0,v4,global,etf_btc,etf/bitcoin/flow-history,2026-04-24T04:28:48.731586+00:00
2025-09-11 00:00:00+00:00,552700000.0,113896.8,v4,global,etf_btc,etf/bitcoin/flow-history,2026-04-24T04:28:48.731586+00:00
2025-09-12 00:00:00+00:00,642400000.0,115427.0,v4,global,etf_btc,etf/bitcoin/flow-history,2026-04-24T04:28:48.731586+00:00
2025-09-15 00:00:00+00:00,259900000.0,115210.0,v4,global,etf_btc,etf/bitcoin/flow-history,2026-04-24T04:28:48.731586+00:00
2025-09-16 00:00:00+00:00,292300000.0,115300.5,v4,global,etf_btc,etf/bitcoin/flow-history,2026-04-24T04:28:48.731586+00:00
2025-09-17 00:00:00+00:00,-51300000.0,116747.3,v4,global,etf_btc,etf/bitcoin/flow-history,2026-04-24T04:28:48.731586+00:00
2025-09-18 00:00:00+00:00,163000000.0,116402.6,v4,global,etf_btc,etf/bitcoin/flow-history,2026-04-24T04:28:48.731586+00:00
2025-09-19 00:00:00+00:00,222600000.0,117017.1,v4,global,etf_btc,etf/bitcoin/flow-history,2026-04-24T04:28:48.731586+00:00
2025-09-22 00:00:00+00:00,-363100000.0,115183.9,v4,global,etf_btc,etf/bitcoin/flow-history,2026-04-24T04:28:48.731586+00:00
2025-09-23 00:00:00+00:00,-103800000.0,112604.7,v4,global,etf_btc,etf/bitcoin/flow-history,2026-04-24T04:28:48.731586+00:00
2025-09-24 00:00:00+00:00,241000000.0,111947.0,v4,global,etf_btc,etf/bitcoin/flow-history,2026-04-24T04:28:48.731586+00:00
2025-09-25 00:00:00+00:00,-253400000.0,113253.9,v4,global,etf_btc,etf/bitcoin/flow-history,2026-04-24T04:28:48.731586+00:00
2025-09-26 00:00:00+00:00,-418300000.0,108934.6,v4,global,etf_btc,etf/bitcoin/flow-history,2026-04-24T04:28:48.731586+00:00
2025-09-29 00:00:00+00:00,518000000.0,112119.7,v4,global,etf_btc,etf/bitcoin/flow-history,2026-04-24T04:28:48.731586+00:00
2025-09-30 00:00:00+00:00,429900000.0,114257.1,v4,global,etf_btc,etf/bitcoin/flow-history,2026-04-24T04:28:48.731586+00:00
2025-10-01 00:00:00+00:00,675800000.0,113988.7,v4,global,etf_btc,etf/bitcoin/flow-history,2026-04-24T04:28:48.731586+00:00
2025-10-02 00:00:00+00:00,627200000.0,118552.0,v4,global,etf_btc,etf/bitcoin/flow-history,2026-04-24T04:28:48.731586+00:00
2025-10-03 00:00:00+00:00,985100000.0,120481.3,v4,global,etf_btc,etf/bitcoin/flow-history,2026-04-24T04:28:48.731586+00:00
2025-10-06 00:00:00+00:00,1190100000.0,123426.7,v4,global,etf_btc,etf/bitcoin/flow-history,2026-04-24T04:28:48.731586+00:00
2025-10-07 00:00:00+00:00,875600000.0,124628.6,v4,global,etf_btc,etf/bitcoin/flow-history,2026-04-24T04:28:48.731586+00:00
2025-10-08 00:00:00+00:00,440700000.0,121286.6,v4,global,etf_btc,etf/bitcoin/flow-history,2026-04-24T04:28:48.731586+00:00
2025-10-09 00:00:00+00:00,197800000.0,123237.4,v4,global,etf_btc,etf/bitcoin/flow-history,2026-04-24T04:28:48.731586+00:00
2025-10-10 00:00:00+00:00,-4500000.0,121579.4,v4,global,etf_btc,etf/bitcoin/flow-history,2026-04-24T04:28:48.731586+00:00
2025-10-13 00:00:00+00:00,-326400000.0,114894.5,v4,global,etf_btc,etf/bitcoin/flow-history,2026-04-24T04:28:48.731586+00:00
2025-10-14 00:00:00+00:00,102700000.0,115112.0,v4,global,etf_btc,etf/bitcoin/flow-history,2026-04-24T04:28:48.731586+00:00
2025-10-15 00:00:00+00:00,-104100000.0,112983.9,v4,global,etf_btc,etf/bitcoin/flow-history,2026-04-24T04:28:48.731586+00:00
2025-10-16 00:00:00+00:00,-530900000.0,110699.1,v4,global,etf_btc,etf/bitcoin/flow-history,2026-04-24T04:28:48.731586+00:00
2025-10-17 00:00:00+00:00,-366600000.0,108129.4,v4,global,etf_btc,etf/bitcoin/flow-history,2026-04-24T04:28:48.731586+00:00
2025-10-20 00:00:00+00:00,-40400000.0,108586.2,v4,global,etf_btc,etf/bitcoin/flow-history,2026-04-24T04:28:48.731586+00:00
2025-10-21 00:00:00+00:00,477200000.0,110469.9,v4,global,etf_btc,etf/bitcoin/flow-history,2026-04-24T04:28:48.731586+00:00
2025-10-22 00:00:00+00:00,-101400000.0,108253.8,v4,global,etf_btc,etf/bitcoin/flow-history,2026-04-24T04:28:48.731586+00:00
2025-10-23 00:00:00+00:00,20300000.0,107532.1,v4,global,etf_btc,etf/bitcoin/flow-history,2026-04-24T04:28:48.731586+00:00
2025-10-24 00:00:00+00:00,90600000.0,110026.0,v4,global,etf_btc,etf/bitcoin/flow-history,2026-04-24T04:28:48.731586+00:00
2025-10-27 00:00:00+00:00,149300000.0,114497.9,v4,global,etf_btc,etf/bitcoin/flow-history,2026-04-24T04:28:48.731586+00:00
2025-10-28 00:00:00+00:00,202400000.0,114064.2,v4,global,etf_btc,etf/bitcoin/flow-history,2026-04-24T04:28:48.731586+00:00
2025-10-29 00:00:00+00:00,-470700000.0,112833.5,v4,global,etf_btc,etf/bitcoin/flow-history,2026-04-24T04:28:48.731586+00:00
2025-10-30 00:00:00+00:00,-488400000.0,109985.6,v4,global,etf_btc,etf/bitcoin/flow-history,2026-04-24T04:28:48.731586+00:00
2025-10-31 00:00:00+00:00,-191600000.0,108263.6,v4,global,etf_btc,etf/bitcoin/flow-history,2026-04-24T04:28:48.731586+00:00
2025-11-03 00:00:00+00:00,-186500000.0,110494.9,v4,global,etf_btc,etf/bitcoin/flow-history,2026-04-24T04:28:48.731586+00:00
2025-11-04 00:00:00+00:00,-566400000.0,106544.0,v4,global,etf_btc,etf/bitcoin/flow-history,2026-04-24T04:28:48.731586+00:00
2025-11-05 00:00:00+00:00,-137000000.0,101450.2,v4,global,etf_btc,etf/bitcoin/flow-history,2026-04-24T04:28:48.731586+00:00
2025-11-06 00:00:00+00:00,239900000.0,103837.0,v4,global,etf_btc,etf/bitcoin/flow-history,2026-04-24T04:28:48.731586+00:00
2025-11-07 00:00:00+00:00,-558400000.0,101305.6,v4,global,etf_btc,etf/bitcoin/flow-history,2026-04-24T04:28:48.731586+00:00
2025-11-10 00:00:00+00:00,1200000.0,104670.7,v4,global,etf_btc,etf/bitcoin/flow-history,2026-04-24T04:28:48.731586+00:00
2025-11-11 00:00:00+00:00,524000000.0,105966.3,v4,global,etf_btc,etf/bitcoin/flow-history,2026-04-24T04:28:48.731586+00:00
2025-11-12 00:00:00+00:00,-278100000.0,103005.8,v4,global,etf_btc,etf/bitcoin/flow-history,2026-04-24T04:28:48.731586+00:00
2025-11-13 00:00:00+00:00,-866700000.0,101605.8,v4,global,etf_btc,etf/bitcoin/flow-history,2026-04-24T04:28:48.731586+00:00
2025-11-14 00:00:00+00:00,-492100000.0,99654.3,v4,global,etf_btc,etf/bitcoin/flow-history,2026-04-24T04:28:48.731586+00:00
2025-11-17 00:00:00+00:00,-254600000.0,94221.7,v4,global,etf_btc,etf/bitcoin/flow-history,2026-04-24T04:28:48.731586+00:00
2025-11-18 00:00:00+00:00,-372800000.0,92169.8,v4,global,etf_btc,etf/bitcoin/flow-history,2026-04-24T04:28:48.731586+00:00
2025-11-19 00:00:00+00:00,75400000.0,92916.8,v4,global,etf_btc,etf/bitcoin/flow-history,2026-04-24T04:28:48.731586+00:00
2025-11-20 00:00:00+00:00,-903200000.0,91509.0,v4,global,etf_btc,etf/bitcoin/flow-history,2026-04-24T04:28:48.731586+00:00
2025-11-21 00:00:00+00:00,238400000.0,86601.4,v4,global,etf_btc,etf/bitcoin/flow-history,2026-04-24T04:28:48.731586+00:00
2025-11-24 00:00:00+00:00,-151000000.0,86807.6,v4,global,etf_btc,etf/bitcoin/flow-history,2026-04-24T04:28:48.731586+00:00
2025-11-25 00:00:00+00:00,128700000.0,88247.1,v4,global,etf_btc,etf/bitcoin/flow-history,2026-04-24T04:28:48.731586+00:00
2025-11-26 00:00:00+00:00,21100000.0,87324.1,v4,global,etf_btc,etf/bitcoin/flow-history,2026-04-24T04:28:48.731586+00:00
2025-11-28 00:00:00+00:00,71400000.0,91292.2,v4,global,etf_btc,etf/bitcoin/flow-history,2026-04-24T04:28:48.731586+00:00
2025-12-01 00:00:00+00:00,8500000.0,90320.5,v4,global,etf_btc,etf/bitcoin/flow-history,2026-04-24T04:28:48.731586+00:00
2025-12-02 00:00:00+00:00,58500000.0,86241.5,v4,global,etf_btc,etf/bitcoin/flow-history,2026-04-24T04:28:48.731586+00:00
2025-12-03 00:00:00+00:00,-14900000.0,91249.1,v4,global,etf_btc,etf/bitcoin/flow-history,2026-04-24T04:28:48.731586+00:00
2025-12-04 00:00:00+00:00,-194600000.0,93376.8,v4,global,etf_btc,etf/bitcoin/flow-history,2026-04-24T04:28:48.731586+00:00
2025-12-05 00:00:00+00:00,54800000.0,92034.7,v4,global,etf_btc,etf/bitcoin/flow-history,2026-04-24T04:28:48.731586+00:00
2025-12-08 00:00:00+00:00,-60400000.0,90345.4,v4,global,etf_btc,etf/bitcoin/flow-history,2026-04-24T04:28:48.731586+00:00
2025-12-09 00:00:00+00:00,151900000.0,90610.8,v4,global,etf_btc,etf/bitcoin/flow-history,2026-04-24T04:28:48.731586+00:00
2025-12-10 00:00:00+00:00,223500000.0,92638.3,v4,global,etf_btc,etf/bitcoin/flow-history,2026-04-24T04:28:48.731586+00:00
2025-12-11 00:00:00+00:00,-77500000.0,91977.5,v4,global,etf_btc,etf/bitcoin/flow-history,2026-04-24T04:28:48.731586+00:00
2025-12-12 00:00:00+00:00,49100000.0,92477.6,v4,global,etf_btc,etf/bitcoin/flow-history,2026-04-24T04:28:48.731586+00:00
2025-12-15 00:00:00+00:00,-357600000.0,88118.8,v4,global,etf_btc,etf/bitcoin/flow-history,2026-04-24T04:28:48.731586+00:00
2025-12-16 00:00:00+00:00,-277200000.0,86390.0,v4,global,etf_btc,etf/bitcoin/flow-history,2026-04-24T04:28:48.731586+00:00
2025-12-17 00:00:00+00:00,457300000.0,87826.3,v4,global,etf_btc,etf/bitcoin/flow-history,2026-04-24T04:28:48.731586+00:00
2025-12-18 00:00:00+00:00,-161300000.0,86201.6,v4,global,etf_btc,etf/bitcoin/flow-history,2026-04-24T04:28:48.731586+00:00
2025-12-19 00:00:00+00:00,-158300000.0,85469.8,v4,global,etf_btc,etf/bitcoin/flow-history,2026-04-24T04:28:48.731586+00:00
2025-12-22 00:00:00+00:00,-142200000.0,88621.3,v4,global,etf_btc,etf/bitcoin/flow-history,2026-04-24T04:28:48.731586+00:00
2025-12-23 00:00:00+00:00,-188600000.0,88581.5,v4,global,etf_btc,etf/bitcoin/flow-history,2026-04-24T04:28:48.731586+00:00
2025-12-24 00:00:00+00:00,-175300000.0,87463.1,v4,global,etf_btc,etf/bitcoin/flow-history,2026-04-24T04:28:48.731586+00:00
2025-12-26 00:00:00+00:00,-275900000.0,87182.8,v4,global,etf_btc,etf/bitcoin/flow-history,2026-04-24T04:28:48.731586+00:00
2025-12-29 00:00:00+00:00,-19300000.0,87920.4,v4,global,etf_btc,etf/bitcoin/flow-history,2026-04-24T04:28:48.731586+00:00
2025-12-30 00:00:00+00:00,355100000.0,87203.2,v4,global,etf_btc,etf/bitcoin/flow-history,2026-04-24T04:28:48.731586+00:00
2025-12-31 00:00:00+00:00,-348100000.0,88455.2,v4,global,etf_btc,etf/bitcoin/flow-history,2026-04-24T04:28:48.731586+00:00
2026-01-02 00:00:00+00:00,471300000.0,88800.0,v4,global,etf_btc,etf/bitcoin/flow-history,2026-04-24T04:28:48.731586+00:00
2026-01-05 00:00:00+00:00,697200000.0,91497.2,v4,global,etf_btc,etf/bitcoin/flow-history,2026-04-24T04:28:48.731586+00:00
2026-01-06 00:00:00+00:00,-243200000.0,93822.3,v4,global,etf_btc,etf/bitcoin/flow-history,2026-04-24T04:28:48.731586+00:00
2026-01-07 00:00:00+00:00,-486100000.0,93708.1,v4,global,etf_btc,etf/bitcoin/flow-history,2026-04-24T04:28:48.731586+00:00
2026-01-08 00:00:00+00:00,-398800000.0,91328.1,v4,global,etf_btc,etf/bitcoin/flow-history,2026-04-24T04:28:48.731586+00:00
2026-01-09 00:00:00+00:00,-250000000.0,91059.9,v4,global,etf_btc,etf/bitcoin/flow-history,2026-04-24T04:28:48.731586+00:00
2026-01-12 00:00:00+00:00,116700000.0,90964.4,v4,global,etf_btc,etf/bitcoin/flow-history,2026-04-24T04:28:48.731586+00:00
2026-01-13 00:00:00+00:00,753800000.0,91252.5,v4,global,etf_btc,etf/bitcoin/flow-history,2026-04-24T04:28:48.731586+00:00
2026-01-14 00:00:00+00:00,840600000.0,95375.2,v4,global,etf_btc,etf/bitcoin/flow-history,2026-04-24T04:28:48.731586+00:00
2026-01-15 00:00:00+00:00,100200000.0,96908.0,v4,global,etf_btc,etf/bitcoin/flow-history,2026-04-24T04:28:48.731586+00:00
2026-01-16 00:00:00+00:00,-394700000.0,95567.4,v4,global,etf_btc,etf/bitcoin/flow-history,2026-04-24T04:28:48.731586+00:00
2026-01-20 00:00:00+00:00,-479700000.0,92589.6,v4,global,etf_btc,etf/bitcoin/flow-history,2026-04-24T04:28:48.731586+00:00
2026-01-21 00:00:00+00:00,-708700000.0,88390.7,v4,global,etf_btc,etf/bitcoin/flow-history,2026-04-24T04:28:48.731586+00:00
2026-01-22 00:00:00+00:00,-32200000.0,89411.4,v4,global,etf_btc,etf/bitcoin/flow-history,2026-04-24T04:28:48.731586+00:00
2026-01-23 00:00:00+00:00,-103500000.0,89518.4,v4,global,etf_btc,etf/bitcoin/flow-history,2026-04-24T04:28:48.731586+00:00
2026-01-26 00:00:00+00:00,6800000.0,86628.9,v4,global,etf_btc,etf/bitcoin/flow-history,2026-04-24T04:28:48.731586+00:00
2026-01-27 00:00:00+00:00,-147400000.0,88300.6,v4,global,etf_btc,etf/bitcoin/flow-history,2026-04-24T04:28:48.731586+00:00
2026-01-28 00:00:00+00:00,-19600000.0,89197.8,v4,global,etf_btc,etf/bitcoin/flow-history,2026-04-24T04:28:48.731586+00:00
2026-01-29 00:00:00+00:00,-817800000.0,89261.7,v4,global,etf_btc,etf/bitcoin/flow-history,2026-04-24T04:28:48.731586+00:00
2026-01-30 00:00:00+00:00,-509700000.0,84604.7,v4,global,etf_btc,etf/bitcoin/flow-history,2026-04-24T04:28:48.731586+00:00
2026-02-02 00:00:00+00:00,561800000.0,76931.6,v4,global,etf_btc,etf/bitcoin/flow-history,2026-04-24T04:28:48.731586+00:00
2026-02-03 00:00:00+00:00,-272000000.0,78692.5,v4,global,etf_btc,etf/bitcoin/flow-history,2026-04-24T04:28:48.731586+00:00
2026-02-04 00:00:00+00:00,-544900000.0,75732.4,v4,global,etf_btc,etf/bitcoin/flow-history,2026-04-24T04:28:48.731586+00:00
2026-02-05 00:00:00+00:00,-434100000.0,73137.5,v4,global,etf_btc,etf/bitcoin/flow-history,2026-04-24T04:28:48.731586+00:00
2026-02-06 00:00:00+00:00,371100000.0,62868.1,v4,global,etf_btc,etf/bitcoin/flow-history,2026-04-24T04:28:48.731586+00:00
2026-02-09 00:00:00+00:00,144900000.0,70288.2,v4,global,etf_btc,etf/bitcoin/flow-history,2026-04-24T04:28:48.731586+00:00
2026-02-10 00:00:00+00:00,166500000.0,70110.6,v4,global,etf_btc,etf/bitcoin/flow-history,2026-04-24T04:28:48.731586+00:00
2026-02-11 00:00:00+00:00,-276300000.0,68805.3,v4,global,etf_btc,etf/bitcoin/flow-history,2026-04-24T04:28:48.731586+00:00
2026-02-12 00:00:00+00:00,-410200000.0,67054.8,v4,global,etf_btc,etf/bitcoin/flow-history,2026-04-24T04:28:48.731586+00:00
2026-02-13 00:00:00+00:00,15100000.0,66243.2,v4,global,etf_btc,etf/bitcoin/flow-history,2026-04-24T04:28:48.731586+00:00
2026-02-17 00:00:00+00:00,-104900000.0,68862.6,v4,global,etf_btc,etf/bitcoin/flow-history,2026-04-24T04:28:48.731586+00:00
2026-02-18 00:00:00+00:00,-133300000.0,67475.9,v4,global,etf_btc,etf/bitcoin/flow-history,2026-04-24T04:28:48.731586+00:00
2026-02-19 00:00:00+00:00,-165800000.0,66422.8,v4,global,etf_btc,etf/bitcoin/flow-history,2026-04-24T04:28:48.731586+00:00
2026-02-20 00:00:00+00:00,88100000.0,66973.9,v4,global,etf_btc,etf/bitcoin/flow-history,2026-04-24T04:28:48.731586+00:00
2026-02-23 00:00:00+00:00,-203800000.0,67613.6,v4,global,etf_btc,etf/bitcoin/flow-history,2026-04-24T04:28:48.731586+00:00
2026-02-24 00:00:00+00:00,257700000.0,64625.7,v4,global,etf_btc,etf/bitcoin/flow-history,2026-04-24T04:28:48.731586+00:00
2026-02-25 00:00:00+00:00,506600000.0,64031.4,v4,global,etf_btc,etf/bitcoin/flow-history,2026-04-24T04:28:48.731586+00:00
2026-02-26 00:00:00+00:00,254400000.0,67952.4,v4,global,etf_btc,etf/bitcoin/flow-history,2026-04-24T04:28:48.731586+00:00
2026-02-27 00:00:00+00:00,-27500000.0,67448.1,v4,global,etf_btc,etf/bitcoin/flow-history,2026-04-24T04:28:48.731586+00:00
2026-03-02 00:00:00+00:00,458200000.0,65749.9,v4,global,etf_btc,etf/bitcoin/flow-history,2026-04-24T04:28:48.731586+00:00
2026-03-03 00:00:00+00:00,225200000.0,68801.8,v4,global,etf_btc,etf/bitcoin/flow-history,2026-04-24T04:28:48.731586+00:00
2026-03-04 00:00:00+00:00,461900000.0,68295.2,v4,global,etf_btc,etf/bitcoin/flow-history,2026-04-24T04:28:48.731586+00:00
2026-03-05 00:00:00+00:00,-227900000.0,72641.4,v4,global,etf_btc,etf/bitcoin/flow-history,2026-04-24T04:28:48.731586+00:00
2026-03-06 00:00:00+00:00,-348900000.0,70854.8,v4,global,etf_btc,etf/bitcoin/flow-history,2026-04-24T04:28:48.731586+00:00
2026-03-09 00:00:00+00:00,167100000.0,65934.3,v4,global,etf_btc,etf/bitcoin/flow-history,2026-04-24T04:28:48.731586+00:00
2026-03-10 00:00:00+00:00,246900000.0,68394.0,v4,global,etf_btc,etf/bitcoin/flow-history,2026-04-24T04:28:48.731586+00:00
2026-03-11 00:00:00+00:00,115200000.0,69901.8,v4,global,etf_btc,etf/bitcoin/flow-history,2026-04-24T04:28:48.731586+00:00
2026-03-12 00:00:00+00:00,53800000.0,70150.0,v4,global,etf_btc,etf/bitcoin/flow-history,2026-04-24T04:28:48.731586+00:00
2026-03-13 00:00:00+00:00,180400000.0,70480.1,v4,global,etf_btc,etf/bitcoin/flow-history,2026-04-24T04:28:48.731586+00:00
2026-03-16 00:00:00+00:00,199400000.0,72778.8,v4,global,etf_btc,etf/bitcoin/flow-history,2026-04-24T04:28:48.731586+00:00
2026-03-17 00:00:00+00:00,199400000.0,74846.4,v4,global,etf_btc,etf/bitcoin/flow-history,2026-04-24T04:28:48.731586+00:00
2026-03-18 00:00:00+00:00,-163500000.0,73872.3,v4,global,etf_btc,etf/bitcoin/flow-history,2026-04-24T04:28:48.731586+00:00
2026-03-19 00:00:00+00:00,-90200000.0,71202.9,v4,global,etf_btc,etf/bitcoin/flow-history,2026-04-24T04:28:48.731586+00:00
2026-03-20 00:00:00+00:00,-52000000.0,69887.4,v4,global,etf_btc,etf/bitcoin/flow-history,2026-04-24T04:28:48.731586+00:00
2026-03-23 00:00:00+00:00,167200000.0,67830.7,v4,global,etf_btc,etf/bitcoin/flow-history,2026-04-24T04:28:48.731586+00:00
2026-03-24 00:00:00+00:00,-66600000.0,70866.0,v4,global,etf_btc,etf/bitcoin/flow-history,2026-04-24T04:28:48.731586+00:00
2026-03-25 00:00:00+00:00,7800000.0,70524.0,v4,global,etf_btc,etf/bitcoin/flow-history,2026-04-24T04:28:48.731586+00:00
2026-03-26 00:00:00+00:00,-171300000.0,71297.4,v4,global,etf_btc,etf/bitcoin/flow-history,2026-04-24T04:28:48.731586+00:00
2026-03-27 00:00:00+00:00,-225500000.0,68788.1,v4,global,etf_btc,etf/bitcoin/flow-history,2026-04-24T04:28:48.731586+00:00
2026-03-30 00:00:00+00:00,69400000.0,65978.0,v4,global,etf_btc,etf/bitcoin/flow-history,2026-04-24T04:28:48.731586+00:00
2026-03-31 00:00:00+00:00,117500000.0,66764.3,v4,global,etf_btc,etf/bitcoin/flow-history,2026-04-24T04:28:48.731586+00:00
2026-04-01 00:00:00+00:00,-173700000.0,68241.4,v4,global,etf_btc,etf/bitcoin/flow-history,2026-04-24T04:28:48.731586+00:00
2026-04-02 00:00:00+00:00,9000000.0,68086.4,v4,global,etf_btc,etf/bitcoin/flow-history,2026-04-24T04:28:48.731586+00:00
2026-04-06 00:00:00+00:00,471400000.0,68997.9,v4,global,etf_btc,etf/bitcoin/flow-history,2026-04-24T04:28:48.731586+00:00
2026-04-07 00:00:00+00:00,-159100000.0,68817.9,v4,global,etf_btc,etf/bitcoin/flow-history,2026-04-24T04:28:48.731586+00:00
2026-04-08 00:00:00+00:00,-93900000.0,71890.2,v4,global,etf_btc,etf/bitcoin/flow-history,2026-04-24T04:28:48.731586+00:00
2026-04-09 00:00:00+00:00,358100000.0,71038.2,v4,global,etf_btc,etf/bitcoin/flow-history,2026-04-24T04:28:48.731586+00:00
2026-04-10 00:00:00+00:00,256700000.0,71750.4,v4,global,etf_btc,etf/bitcoin/flow-history,2026-04-24T04:28:48.731586+00:00
2026-04-13 00:00:00+00:00,-291000000.0,70711.2,v4,global,etf_btc,etf/bitcoin/flow-history,2026-04-24T04:28:48.731586+00:00
2026-04-14 00:00:00+00:00,411400000.0,74384.9,v4,global,etf_btc,etf/bitcoin/flow-history,2026-04-24T04:28:48.731586+00:00
2026-04-15 00:00:00+00:00,186100000.0,74106.9,v4,global,etf_btc,etf/bitcoin/flow-history,2026-04-24T04:28:48.731586+00:00
2026-04-16 00:00:00+00:00,26100000.0,74776.3,v4,global,etf_btc,etf/bitcoin/flow-history,2026-04-24T04:28:48.731586+00:00
2026-04-17 00:00:00+00:00,663900000.0,75106.8,v4,global,etf_btc,etf/bitcoin/flow-history,2026-04-24T04:28:48.731586+00:00
2026-04-20 00:00:00+00:00,238400000.0,73758.5,v4,global,etf_btc,etf/bitcoin/flow-history,2026-04-24T04:28:48.731586+00:00
2026-04-21 00:00:00+00:00,11800000.0,75790.1,v4,global,etf_btc,etf/bitcoin/flow-history,2026-04-24T04:28:48.731586+00:00
2026-04-22 00:00:00+00:00,335800000.0,76288.3,v4,global,etf_btc,etf/bitcoin/flow-history,2026-04-24T04:28:48.731586+00:00
2026-04-23 00:00:00+00:00,223300000.0,78139.7,v4,global,etf_btc,etf/bitcoin/flow-history,2026-04-24T04:28:48.731586+00:00
