ts,etf_eth_flow,etf_eth_price,api_version,scope,endpoint,path,fetched_at
2024-07-23 00:00:00+00:00,106600000.0,3438.09,v4,global,etf_eth,etf/ethereum/flow-history,2026-04-24T04:28:51.549664+00:00
2024-07-24 00:00:00+00:00,-133300000.0,3481.01,v4,global,etf_eth,etf/ethereum/flow-history,2026-04-24T04:28:51.549664+00:00
2024-07-25 00:00:00+00:00,-152400000.0,3334.23,v4,global,etf_eth,etf/ethereum/flow-history,2026-04-24T04:28:51.549664+00:00
2024-07-26 00:00:00+00:00,-162700000.0,3173.67,v4,global,etf_eth,etf/ethereum/flow-history,2026-04-24T04:28:51.549664+00:00
2024-07-29 00:00:00+00:00,-98300000.0,3268.03,v4,global,etf_eth,etf/ethereum/flow-history,2026-04-24T04:28:51.549664+00:00
2024-07-30 00:00:00+00:00,33700000.0,3316.86,v4,global,etf_eth,etf/ethereum/flow-history,2026-04-24T04:28:51.549664+00:00
2024-07-31 00:00:00+00:00,-77200000.0,3278.17,v4,global,etf_eth,etf/ethereum/flow-history,2026-04-24T04:28:51.549664+00:00
2024-08-01 00:00:00+00:00,26700000.0,3231.49,v4,global,etf_eth,etf/ethereum/flow-history,2026-04-24T04:28:51.549664+00:00
2024-08-02 00:00:00+00:00,-54300000.0,3201.66,v4,global,etf_eth,etf/ethereum/flow-history,2026-04-24T04:28:51.549664+00:00
2024-08-05 00:00:00+00:00,48800000.0,2687.6,v4,global,etf_eth,etf/ethereum/flow-history,2026-04-24T04:28:51.549664+00:00
2024-08-06 00:00:00+00:00,98400000.0,2418.6,v4,global,etf_eth,etf/ethereum/flow-history,2026-04-24T04:28:51.549664+00:00
2024-08-07 00:00:00+00:00,-23700000.0,2459.86,v4,global,etf_eth,etf/ethereum/flow-history,2026-04-24T04:28:51.549664+00:00
2024-08-08 00:00:00+00:00,-2900000.0,2341.4,v4,global,etf_eth,etf/ethereum/flow-history,2026-04-24T04:28:51.549664+00:00
2024-08-09 00:00:00+00:00,-15800000.0,2681.59,v4,global,etf_eth,etf/ethereum/flow-history,2026-04-24T04:28:51.549664+00:00
2024-08-12 00:00:00+00:00,5000000.0,2554.66,v4,global,etf_eth,etf/ethereum/flow-history,2026-04-24T04:28:51.549664+00:00
2024-08-13 00:00:00+00:00,24300000.0,2721.15,v4,global,etf_eth,etf/ethereum/flow-history,2026-04-24T04:28:51.549664+00:00
2024-08-14 00:00:00+00:00,10800000.0,2701.01,v4,global,etf_eth,etf/ethereum/flow-history,2026-04-24T04:28:51.549664+00:00
2024-08-15 00:00:00+00:00,-39200000.0,2659.82,v4,global,etf_eth,etf/ethereum/flow-history,2026-04-24T04:28:51.549664+00:00
2024-08-16 00:00:00+00:00,-15000000.0,2568.73,v4,global,etf_eth,etf/ethereum/flow-history,2026-04-24T04:28:51.549664+00:00
2024-08-19 00:00:00+00:00,-13500000.0,2610.67,v4,global,etf_eth,etf/ethereum/flow-history,2026-04-24T04:28:51.549664+00:00
2024-08-20 00:00:00+00:00,-6500000.0,2635.16,v4,global,etf_eth,etf/ethereum/flow-history,2026-04-24T04:28:51.549664+00:00
2024-08-21 00:00:00+00:00,-18000000.0,2571.51,v4,global,etf_eth,etf/ethereum/flow-history,2026-04-24T04:28:51.549664+00:00
2024-08-22 00:00:00+00:00,-800000.0,2629.37,v4,global,etf_eth,etf/ethereum/flow-history,2026-04-24T04:28:51.549664+00:00
2024-08-23 00:00:00+00:00,-5700000.0,2622.0,v4,global,etf_eth,etf/ethereum/flow-history,2026-04-24T04:28:51.549664+00:00
2024-08-26 00:00:00+00:00,-13200000.0,2744.48,v4,global,etf_eth,etf/ethereum/flow-history,2026-04-24T04:28:51.549664+00:00
2024-08-27 00:00:00+00:00,-3400000.0,2679.26,v4,global,etf_eth,etf/ethereum/flow-history,2026-04-24T04:28:51.549664+00:00
2024-08-28 00:00:00+00:00,5900000.0,2455.98,v4,global,etf_eth,etf/ethereum/flow-history,2026-04-24T04:28:51.549664+00:00
2024-08-29 00:00:00+00:00,-1700000.0,2527.32,v4,global,etf_eth,etf/ethereum/flow-history,2026-04-24T04:28:51.549664+00:00
2024-08-30 00:00:00+00:00,0.0,2526.28,v4,global,etf_eth,etf/ethereum/flow-history,2026-04-24T04:28:51.549664+00:00
2024-09-02 00:00:00+00:00,0.0,2424.55,v4,global,etf_eth,etf/ethereum/flow-history,2026-04-24T04:28:51.549664+00:00
2024-09-03 00:00:00+00:00,-47400000.0,2536.76,v4,global,etf_eth,etf/ethereum/flow-history,2026-04-24T04:28:51.549664+00:00
2024-09-04 00:00:00+00:00,-37500000.0,2424.05,v4,global,etf_eth,etf/ethereum/flow-history,2026-04-24T04:28:51.549664+00:00
2024-09-05 00:00:00+00:00,-200000.0,2449.67,v4,global,etf_eth,etf/ethereum/flow-history,2026-04-24T04:28:51.549664+00:00
2024-09-06 00:00:00+00:00,-6000000.0,2367.33,v4,global,etf_eth,etf/ethereum/flow-history,2026-04-24T04:28:51.549664+00:00
2024-09-09 00:00:00+00:00,-5200000.0,2295.9,v4,global,etf_eth,etf/ethereum/flow-history,2026-04-24T04:28:51.549664+00:00
2024-09-10 00:00:00+00:00,11400000.0,2358.19,v4,global,etf_eth,etf/ethereum/flow-history,2026-04-24T04:28:51.549664+00:00
2024-09-11 00:00:00+00:00,-500000.0,2387.63,v4,global,etf_eth,etf/ethereum/flow-history,2026-04-24T04:28:51.549664+00:00
2024-09-12 00:00:00+00:00,-20100000.0,2339.18,v4,global,etf_eth,etf/ethereum/flow-history,2026-04-24T04:28:51.549664+00:00
2024-09-13 00:00:00+00:00,1500000.0,2360.79,v4,global,etf_eth,etf/ethereum/flow-history,2026-04-24T04:28:51.549664+00:00
2024-09-16 00:00:00+00:00,-9400000.0,2314.85,v4,global,etf_eth,etf/ethereum/flow-history,2026-04-24T04:28:51.549664+00:00
2024-09-17 00:00:00+00:00,-15100000.0,2294.61,v4,global,etf_eth,etf/ethereum/flow-history,2026-04-24T04:28:51.549664+00:00
2024-09-18 00:00:00+00:00,-9800000.0,2340.59,v4,global,etf_eth,etf/ethereum/flow-history,2026-04-24T04:28:51.549664+00:00
2024-09-19 00:00:00+00:00,5200000.0,2373.93,v4,global,etf_eth,etf/ethereum/flow-history,2026-04-24T04:28:51.549664+00:00
2024-09-20 00:00:00+00:00,2900000.0,2464.55,v4,global,etf_eth,etf/ethereum/flow-history,2026-04-24T04:28:51.549664+00:00
2024-09-23 00:00:00+00:00,-79300000.0,2579.95,v4,global,etf_eth,etf/ethereum/flow-history,2026-04-24T04:28:51.549664+00:00
2024-09-24 00:00:00+00:00,62500000.0,2645.84,v4,global,etf_eth,etf/ethereum/flow-history,2026-04-24T04:28:51.549664+00:00
2024-09-25 00:00:00+00:00,43200000.0,2652.0,v4,global,etf_eth,etf/ethereum/flow-history,2026-04-24T04:28:51.549664+00:00
2024-09-26 00:00:00+00:00,-100000.0,2578.9,v4,global,etf_eth,etf/ethereum/flow-history,2026-04-24T04:28:51.549664+00:00
2024-09-27 00:00:00+00:00,58700000.0,2631.16,v4,global,etf_eth,etf/ethereum/flow-history,2026-04-24T04:28:51.549664+00:00
2024-09-30 00:00:00+00:00,-800000.0,2656.3,v4,global,etf_eth,etf/ethereum/flow-history,2026-04-24T04:28:51.549664+00:00
2024-10-01 00:00:00+00:00,-48600000.0,2601.49,v4,global,etf_eth,etf/ethereum/flow-history,2026-04-24T04:28:51.549664+00:00
2024-10-02 00:00:00+00:00,19800000.0,2446.85,v4,global,etf_eth,etf/ethereum/flow-history,2026-04-24T04:28:51.549664+00:00
2024-10-03 00:00:00+00:00,-3200000.0,2363.0,v4,global,etf_eth,etf/ethereum/flow-history,2026-04-24T04:28:51.549664+00:00
2024-10-04 00:00:00+00:00,7400000.0,2348.74,v4,global,etf_eth,etf/ethereum/flow-history,2026-04-24T04:28:51.549664+00:00
2024-10-07 00:00:00+00:00,0.0,2438.76,v4,global,etf_eth,etf/ethereum/flow-history,2026-04-24T04:28:51.549664+00:00
2024-10-08 00:00:00+00:00,-8100000.0,2421.75,v4,global,etf_eth,etf/ethereum/flow-history,2026-04-24T04:28:51.549664+00:00
2024-10-09 00:00:00+00:00,0.0,2439.84,v4,global,etf_eth,etf/ethereum/flow-history,2026-04-24T04:28:51.549664+00:00
2024-10-10 00:00:00+00:00,10100000.0,2369.6,v4,global,etf_eth,etf/ethereum/flow-history,2026-04-24T04:28:51.549664+00:00
2024-10-11 00:00:00+00:00,-100000.0,2385.24,v4,global,etf_eth,etf/ethereum/flow-history,2026-04-24T04:28:51.549664+00:00
2024-10-14 00:00:00+00:00,17000000.0,2467.79,v4,global,etf_eth,etf/ethereum/flow-history,2026-04-24T04:28:51.549664+00:00
2024-10-15 00:00:00+00:00,-12700000.0,2628.87,v4,global,etf_eth,etf/ethereum/flow-history,2026-04-24T04:28:51.549664+00:00
2024-10-16 00:00:00+00:00,24200000.0,2607.95,v4,global,etf_eth,etf/ethereum/flow-history,2026-04-24T04:28:51.549664+00:00
2024-10-17 00:00:00+00:00,48400000.0,2610.39,v4,global,etf_eth,etf/ethereum/flow-history,2026-04-24T04:28:51.549664+00:00
2024-10-18 00:00:00+00:00,1900000.0,2605.0,v4,global,etf_eth,etf/ethereum/flow-history,2026-04-24T04:28:51.549664+00:00
2024-10-21 00:00:00+00:00,-20800000.0,2746.98,v4,global,etf_eth,etf/ethereum/flow-history,2026-04-24T04:28:51.549664+00:00
2024-10-22 00:00:00+00:00,11900000.0,2666.62,v4,global,etf_eth,etf/ethereum/flow-history,2026-04-24T04:28:51.549664+00:00
2024-10-23 00:00:00+00:00,1200000.0,2621.79,v4,global,etf_eth,etf/ethereum/flow-history,2026-04-24T04:28:51.549664+00:00
2024-10-24 00:00:00+00:00,2300000.0,2523.85,v4,global,etf_eth,etf/ethereum/flow-history,2026-04-24T04:28:51.549664+00:00
2024-10-25 00:00:00+00:00,-19200000.0,2535.39,v4,global,etf_eth,etf/ethereum/flow-history,2026-04-24T04:28:51.549664+00:00
2024-10-28 00:00:00+00:00,-1100000.0,2507.21,v4,global,etf_eth,etf/ethereum/flow-history,2026-04-24T04:28:51.549664+00:00
2024-10-29 00:00:00+00:00,7600000.0,2566.48,v4,global,etf_eth,etf/ethereum/flow-history,2026-04-24T04:28:51.549664+00:00
2024-10-30 00:00:00+00:00,4400000.0,2639.28,v4,global,etf_eth,etf/ethereum/flow-history,2026-04-24T04:28:51.549664+00:00
2024-10-31 00:00:00+00:00,13000000.0,2659.35,v4,global,etf_eth,etf/ethereum/flow-history,2026-04-24T04:28:51.549664+00:00
2024-11-01 00:00:00+00:00,-10900000.0,2518.37,v4,global,etf_eth,etf/ethereum/flow-history,2026-04-24T04:28:51.549664+00:00
2024-11-04 00:00:00+00:00,-63200000.0,2457.3,v4,global,etf_eth,etf/ethereum/flow-history,2026-04-24T04:28:51.549664+00:00
2024-11-05 00:00:00+00:00,0.0,2397.36,v4,global,etf_eth,etf/ethereum/flow-history,2026-04-24T04:28:51.549664+00:00
2024-11-06 00:00:00+00:00,52300000.0,2421.41,v4,global,etf_eth,etf/ethereum/flow-history,2026-04-24T04:28:51.549664+00:00
2024-11-07 00:00:00+00:00,79700000.0,2722.5,v4,global,etf_eth,etf/ethereum/flow-history,2026-04-24T04:28:51.549664+00:00
2024-11-08 00:00:00+00:00,85900000.0,2895.76,v4,global,etf_eth,etf/ethereum/flow-history,2026-04-24T04:28:51.549664+00:00
2024-11-11 00:00:00+00:00,295500000.0,3185.18,v4,global,etf_eth,etf/ethereum/flow-history,2026-04-24T04:28:51.549664+00:00
2024-11-12 00:00:00+00:00,135900000.0,3375.02,v4,global,etf_eth,etf/ethereum/flow-history,2026-04-24T04:28:51.549664+00:00
2024-11-13 00:00:00+00:00,146900000.0,3245.99,v4,global,etf_eth,etf/ethereum/flow-history,2026-04-24T04:28:51.549664+00:00
2024-11-14 00:00:00+00:00,-3200000.0,3188.9,v4,global,etf_eth,etf/ethereum/flow-history,2026-04-24T04:28:51.549664+00:00
2024-11-15 00:00:00+00:00,-59800000.0,3061.04,v4,global,etf_eth,etf/ethereum/flow-history,2026-04-24T04:28:51.549664+00:00
2024-11-18 00:00:00+00:00,-39100000.0,3078.09,v4,global,etf_eth,etf/ethereum/flow-history,2026-04-24T04:28:51.549664+00:00
2024-11-19 00:00:00+00:00,-81300000.0,3210.48,v4,global,etf_eth,etf/ethereum/flow-history,2026-04-24T04:28:51.549664+00:00
2024-11-20 00:00:00+00:00,-30300000.0,3109.33,v4,global,etf_eth,etf/ethereum/flow-history,2026-04-24T04:28:51.549664+00:00
2024-11-21 00:00:00+00:00,-9000000.0,3071.05,v4,global,etf_eth,etf/ethereum/flow-history,2026-04-24T04:28:51.549664+00:00
2024-11-22 00:00:00+00:00,91300000.0,3358.69,v4,global,etf_eth,etf/ethereum/flow-history,2026-04-24T04:28:51.549664+00:00
2024-11-25 00:00:00+00:00,2900000.0,3362.98,v4,global,etf_eth,etf/ethereum/flow-history,2026-04-24T04:28:51.549664+00:00
2024-11-26 00:00:00+00:00,40600000.0,3416.91,v4,global,etf_eth,etf/ethereum/flow-history,2026-04-24T04:28:51.549664+00:00
2024-11-27 00:00:00+00:00,90100000.0,3327.17,v4,global,etf_eth,etf/ethereum/flow-history,2026-04-24T04:28:51.549664+00:00
2024-11-28 00:00:00+00:00,0.0,3655.89,v4,global,etf_eth,etf/ethereum/flow-history,2026-04-24T04:28:51.549664+00:00
2024-11-29 00:00:00+00:00,332900000.0,3581.59,v4,global,etf_eth,etf/ethereum/flow-history,2026-04-24T04:28:51.549664+00:00
2024-12-02 00:00:00+00:00,24200000.0,3711.22,v4,global,etf_eth,etf/ethereum/flow-history,2026-04-24T04:28:51.549664+00:00
2024-12-03 00:00:00+00:00,132600000.0,3646.26,v4,global,etf_eth,etf/ethereum/flow-history,2026-04-24T04:28:51.549664+00:00
2024-12-04 00:00:00+00:00,167700000.0,3616.83,v4,global,etf_eth,etf/ethereum/flow-history,2026-04-24T04:28:51.549664+00:00
2024-12-05 00:00:00+00:00,428500000.0,3840.74,v4,global,etf_eth,etf/ethereum/flow-history,2026-04-24T04:28:51.549664+00:00
2024-12-06 00:00:00+00:00,83800000.0,3787.3,v4,global,etf_eth,etf/ethereum/flow-history,2026-04-24T04:28:51.549664+00:00
2024-12-09 00:00:00+00:00,149800000.0,4007.31,v4,global,etf_eth,etf/ethereum/flow-history,2026-04-24T04:28:51.549664+00:00
2024-12-10 00:00:00+00:00,305700000.0,3712.55,v4,global,etf_eth,etf/ethereum/flow-history,2026-04-24T04:28:51.549664+00:00
2024-12-11 00:00:00+00:00,102000000.0,3628.41,v4,global,etf_eth,etf/ethereum/flow-history,2026-04-24T04:28:51.549664+00:00
2024-12-12 00:00:00+00:00,273700000.0,3830.44,v4,global,etf_eth,etf/ethereum/flow-history,2026-04-24T04:28:51.549664+00:00
2024-12-13 00:00:00+00:00,23600000.0,3880.52,v4,global,etf_eth,etf/ethereum/flow-history,2026-04-24T04:28:51.549664+00:00
2024-12-16 00:00:00+00:00,51100000.0,3958.5,v4,global,etf_eth,etf/ethereum/flow-history,2026-04-24T04:28:51.549664+00:00
2024-12-17 00:00:00+00:00,144700000.0,3984.76,v4,global,etf_eth,etf/ethereum/flow-history,2026-04-24T04:28:51.549664+00:00
2024-12-18 00:00:00+00:00,2500000.0,3890.81,v4,global,etf_eth,etf/ethereum/flow-history,2026-04-24T04:28:51.549664+00:00
2024-12-19 00:00:00+00:00,-60500000.0,3625.41,v4,global,etf_eth,etf/ethereum/flow-history,2026-04-24T04:28:51.549664+00:00
2024-12-20 00:00:00+00:00,-75100000.0,3416.69,v4,global,etf_eth,etf/ethereum/flow-history,2026-04-24T04:28:51.549664+00:00
2024-12-23 00:00:00+00:00,130800000.0,3280.81,v4,global,etf_eth,etf/ethereum/flow-history,2026-04-24T04:28:51.549664+00:00
2024-12-24 00:00:00+00:00,53600000.0,3420.75,v4,global,etf_eth,etf/ethereum/flow-history,2026-04-24T04:28:51.549664+00:00
2024-12-25 00:00:00+00:00,0.0,3491.98,v4,global,etf_eth,etf/ethereum/flow-history,2026-04-24T04:28:51.549664+00:00
2024-12-26 00:00:00+00:00,117200000.0,3495.73,v4,global,etf_eth,etf/ethereum/flow-history,2026-04-24T04:28:51.549664+00:00
2024-12-27 00:00:00+00:00,47700000.0,3333.15,v4,global,etf_eth,etf/ethereum/flow-history,2026-04-24T04:28:51.549664+00:00
2024-12-30 00:00:00+00:00,-55500000.0,3355.46,v4,global,etf_eth,etf/ethereum/flow-history,2026-04-24T04:28:51.549664+00:00
2024-12-31 00:00:00+00:00,36000000.0,3360.1,v4,global,etf_eth,etf/ethereum/flow-history,2026-04-24T04:28:51.549664+00:00
2025-01-01 00:00:00+00:00,0.0,3336.58,v4,global,etf_eth,etf/ethereum/flow-history,2026-04-24T04:28:51.549664+00:00
2025-01-02 00:00:00+00:00,-77500000.0,3359.35,v4,global,etf_eth,etf/ethereum/flow-history,2026-04-24T04:28:51.549664+00:00
2025-01-03 00:00:00+00:00,58900000.0,3454.83,v4,global,etf_eth,etf/ethereum/flow-history,2026-04-24T04:28:51.549664+00:00
2025-01-06 00:00:00+00:00,128700000.0,3634.96,v4,global,etf_eth,etf/ethereum/flow-history,2026-04-24T04:28:51.549664+00:00
2025-01-07 00:00:00+00:00,-86800000.0,3685.72,v4,global,etf_eth,etf/ethereum/flow-history,2026-04-24T04:28:51.549664+00:00
2025-01-08 00:00:00+00:00,-159400000.0,3379.37,v4,global,etf_eth,etf/ethereum/flow-history,2026-04-24T04:28:51.549664+00:00
2025-01-09 00:00:00+00:00,0.0,3325.38,v4,global,etf_eth,etf/ethereum/flow-history,2026-04-24T04:28:51.549664+00:00
2025-01-10 00:00:00+00:00,-68500000.0,3218.24,v4,global,etf_eth,etf/ethereum/flow-history,2026-04-24T04:28:51.549664+00:00
2025-01-13 00:00:00+00:00,-39400000.0,3265.7,v4,global,etf_eth,etf/ethereum/flow-history,2026-04-24T04:28:51.549664+00:00
2025-01-14 00:00:00+00:00,1200000.0,3136.13,v4,global,etf_eth,etf/ethereum/flow-history,2026-04-24T04:28:51.549664+00:00
2025-01-15 00:00:00+00:00,59700000.0,3223.99,v4,global,etf_eth,etf/ethereum/flow-history,2026-04-24T04:28:51.549664+00:00
2025-01-16 00:00:00+00:00,166600000.0,3449.81,v4,global,etf_eth,etf/ethereum/flow-history,2026-04-24T04:28:51.549664+00:00
2025-01-17 00:00:00+00:00,23900000.0,3306.93,v4,global,etf_eth,etf/ethereum/flow-history,2026-04-24T04:28:51.549664+00:00
2025-01-20 00:00:00+00:00,0.0,3214.16,v4,global,etf_eth,etf/ethereum/flow-history,2026-04-24T04:28:51.549664+00:00
2025-01-21 00:00:00+00:00,74400000.0,3283.21,v4,global,etf_eth,etf/ethereum/flow-history,2026-04-24T04:28:51.549664+00:00
2025-01-22 00:00:00+00:00,70700000.0,3326.71,v4,global,etf_eth,etf/ethereum/flow-history,2026-04-24T04:28:51.549664+00:00
2025-01-23 00:00:00+00:00,-14900000.0,3241.99,v4,global,etf_eth,etf/ethereum/flow-history,2026-04-24T04:28:51.549664+00:00
2025-01-24 00:00:00+00:00,9200000.0,3337.87,v4,global,etf_eth,etf/ethereum/flow-history,2026-04-24T04:28:51.549664+00:00
2025-01-27 00:00:00+00:00,-136200000.0,3230.5,v4,global,etf_eth,etf/ethereum/flow-history,2026-04-24T04:28:51.549664+00:00
2025-01-28 00:00:00+00:00,0.0,3181.0,v4,global,etf_eth,etf/ethereum/flow-history,2026-04-24T04:28:51.549664+00:00
2025-01-29 00:00:00+00:00,-4700000.0,3075.96,v4,global,etf_eth,etf/ethereum/flow-history,2026-04-24T04:28:51.549664+00:00
2025-01-30 00:00:00+00:00,67800000.0,3112.54,v4,global,etf_eth,etf/ethereum/flow-history,2026-04-24T04:28:51.549664+00:00
2025-01-31 00:00:00+00:00,27800000.0,3245.86,v4,global,etf_eth,etf/ethereum/flow-history,2026-04-24T04:28:51.549664+00:00
2025-02-03 00:00:00+00:00,83600000.0,2868.06,v4,global,etf_eth,etf/ethereum/flow-history,2026-04-24T04:28:51.549664+00:00
2025-02-04 00:00:00+00:00,307800000.0,2878.68,v4,global,etf_eth,etf/ethereum/flow-history,2026-04-24T04:28:51.549664+00:00
2025-02-05 00:00:00+00:00,18100000.0,2730.06,v4,global,etf_eth,etf/ethereum/flow-history,2026-04-24T04:28:51.549664+00:00
2025-02-06 00:00:00+00:00,10700000.0,2787.0,v4,global,etf_eth,etf/ethereum/flow-history,2026-04-24T04:28:51.549664+00:00
2025-02-07 00:00:00+00:00,0.0,2685.26,v4,global,etf_eth,etf/ethereum/flow-history,2026-04-24T04:28:51.549664+00:00
2025-02-10 00:00:00+00:00,-22500000.0,2626.07,v4,global,etf_eth,etf/ethereum/flow-history,2026-04-24T04:28:51.549664+00:00
2025-02-11 00:00:00+00:00,12600000.0,2659.99,v4,global,etf_eth,etf/ethereum/flow-history,2026-04-24T04:28:51.549664+00:00
2025-02-12 00:00:00+00:00,-40900000.0,2601.03,v4,global,etf_eth,etf/ethereum/flow-history,2026-04-24T04:28:51.549664+00:00
2025-02-13 00:00:00+00:00,12800000.0,2737.14,v4,global,etf_eth,etf/ethereum/flow-history,2026-04-24T04:28:51.549664+00:00
2025-02-14 00:00:00+00:00,11700000.0,2674.52,v4,global,etf_eth,etf/ethereum/flow-history,2026-04-24T04:28:51.549664+00:00
2025-02-17 00:00:00+00:00,0.0,2660.01,v4,global,etf_eth,etf/ethereum/flow-history,2026-04-24T04:28:51.549664+00:00
2025-02-18 00:00:00+00:00,4600000.0,2742.99,v4,global,etf_eth,etf/ethereum/flow-history,2026-04-24T04:28:51.549664+00:00
2025-02-19 00:00:00+00:00,19000000.0,2670.56,v4,global,etf_eth,etf/ethereum/flow-history,2026-04-24T04:28:51.549664+00:00
2025-02-20 00:00:00+00:00,-13100000.0,2714.06,v4,global,etf_eth,etf/ethereum/flow-history,2026-04-24T04:28:51.549664+00:00
2025-02-21 00:00:00+00:00,-8900000.0,2736.86,v4,global,etf_eth,etf/ethereum/flow-history,2026-04-24T04:28:51.549664+00:00
2025-02-24 00:00:00+00:00,-78000000.0,2818.54,v4,global,etf_eth,etf/ethereum/flow-history,2026-04-24T04:28:51.549664+00:00
2025-02-25 00:00:00+00:00,-50100000.0,2512.26,v4,global,etf_eth,etf/ethereum/flow-history,2026-04-24T04:28:51.549664+00:00
2025-02-26 00:00:00+00:00,-94300000.0,2494.46,v4,global,etf_eth,etf/ethereum/flow-history,2026-04-24T04:28:51.549664+00:00
2025-02-27 00:00:00+00:00,-71200000.0,2335.34,v4,global,etf_eth,etf/ethereum/flow-history,2026-04-24T04:28:51.549664+00:00
2025-02-28 00:00:00+00:00,-41900000.0,2306.65,v4,global,etf_eth,etf/ethereum/flow-history,2026-04-24T04:28:51.549664+00:00
2025-03-03 00:00:00+00:00,-12100000.0,2517.12,v4,global,etf_eth,etf/ethereum/flow-history,2026-04-24T04:28:51.549664+00:00
2025-03-04 00:00:00+00:00,14600000.0,2148.21,v4,global,etf_eth,etf/ethereum/flow-history,2026-04-24T04:28:51.549664+00:00
2025-03-05 00:00:00+00:00,-63300000.0,2170.51,v4,global,etf_eth,etf/ethereum/flow-history,2026-04-24T04:28:51.549664+00:00
2025-03-06 00:00:00+00:00,-10000000.0,2240.44,v4,global,etf_eth,etf/ethereum/flow-history,2026-04-24T04:28:51.549664+00:00
2025-03-07 00:00:00+00:00,-23100000.0,2201.33,v4,global,etf_eth,etf/ethereum/flow-history,2026-04-24T04:28:51.549664+00:00
2025-03-10 00:00:00+00:00,-34000000.0,2019.34,v4,global,etf_eth,etf/ethereum/flow-history,2026-04-24T04:28:51.549664+00:00
2025-03-11 00:00:00+00:00,-21600000.0,1864.52,v4,global,etf_eth,etf/ethereum/flow-history,2026-04-24T04:28:51.549664+00:00
2025-03-12 00:00:00+00:00,-10300000.0,1922.6,v4,global,etf_eth,etf/ethereum/flow-history,2026-04-24T04:28:51.549664+00:00
2025-03-13 00:00:00+00:00,-73600000.0,1907.23,v4,global,etf_eth,etf/ethereum/flow-history,2026-04-24T04:28:51.549664+00:00
2025-03-14 00:00:00+00:00,-46900000.0,1863.75,v4,global,etf_eth,etf/ethereum/flow-history,2026-04-24T04:28:51.549664+00:00
2025-03-17 00:00:00+00:00,-7300000.0,1885.96,v4,global,etf_eth,etf/ethereum/flow-history,2026-04-24T04:28:51.549664+00:00
2025-03-18 00:00:00+00:00,-52800000.0,1925.36,v4,global,etf_eth,etf/ethereum/flow-history,2026-04-24T04:28:51.549664+00:00
2025-03-19 00:00:00+00:00,-11700000.0,1930.63,v4,global,etf_eth,etf/ethereum/flow-history,2026-04-24T04:28:51.549664+00:00
2025-03-20 00:00:00+00:00,-12500000.0,2055.22,v4,global,etf_eth,etf/ethereum/flow-history,2026-04-24T04:28:51.549664+00:00
2025-03-21 00:00:00+00:00,-18600000.0,1982.73,v4,global,etf_eth,etf/ethereum/flow-history,2026-04-24T04:28:51.549664+00:00
2025-03-24 00:00:00+00:00,0.0,2005.0,v4,global,etf_eth,etf/ethereum/flow-history,2026-04-24T04:28:51.549664+00:00
2025-03-25 00:00:00+00:00,-3300000.0,2080.4,v4,global,etf_eth,etf/ethereum/flow-history,2026-04-24T04:28:51.549664+00:00
2025-03-26 00:00:00+00:00,-5900000.0,2065.22,v4,global,etf_eth,etf/ethereum/flow-history,2026-04-24T04:28:51.549664+00:00
2025-03-27 00:00:00+00:00,-4200000.0,2008.69,v4,global,etf_eth,etf/ethereum/flow-history,2026-04-24T04:28:51.549664+00:00
2025-03-28 00:00:00+00:00,4700000.0,2002.8,v4,global,etf_eth,etf/ethereum/flow-history,2026-04-24T04:28:51.549664+00:00
2025-03-31 00:00:00+00:00,6400000.0,1806.99,v4,global,etf_eth,etf/ethereum/flow-history,2026-04-24T04:28:51.549664+00:00
2025-04-01 00:00:00+00:00,-3600000.0,1821.59,v4,global,etf_eth,etf/ethereum/flow-history,2026-04-24T04:28:51.549664+00:00
2025-04-02 00:00:00+00:00,-51300000.0,1904.21,v4,global,etf_eth,etf/ethereum/flow-history,2026-04-24T04:28:51.549664+00:00
2025-04-03 00:00:00+00:00,-3600000.0,1794.11,v4,global,etf_eth,etf/ethereum/flow-history,2026-04-24T04:28:51.549664+00:00
2025-04-04 00:00:00+00:00,2100000.0,1816.48,v4,global,etf_eth,etf/ethereum/flow-history,2026-04-24T04:28:51.549664+00:00
2025-04-07 00:00:00+00:00,0.0,1579.98,v4,global,etf_eth,etf/ethereum/flow-history,2026-04-24T04:28:51.549664+00:00
2025-04-08 00:00:00+00:00,-3300000.0,1552.43,v4,global,etf_eth,etf/ethereum/flow-history,2026-04-24T04:28:51.549664+00:00
2025-04-09 00:00:00+00:00,-11200000.0,1472.68,v4,global,etf_eth,etf/ethereum/flow-history,2026-04-24T04:28:51.549664+00:00
2025-04-10 00:00:00+00:00,-38800000.0,1668.7,v4,global,etf_eth,etf/ethereum/flow-history,2026-04-24T04:28:51.549664+00:00
2025-04-11 00:00:00+00:00,-29200000.0,1521.56,v4,global,etf_eth,etf/ethereum/flow-history,2026-04-24T04:28:51.549664+00:00
2025-04-14 00:00:00+00:00,-6000000.0,1596.93,v4,global,etf_eth,etf/ethereum/flow-history,2026-04-24T04:28:51.549664+00:00
2025-04-15 00:00:00+00:00,-14200000.0,1623.02,v4,global,etf_eth,etf/ethereum/flow-history,2026-04-24T04:28:51.549664+00:00
2025-04-16 00:00:00+00:00,-12100000.0,1588.0,v4,global,etf_eth,etf/ethereum/flow-history,2026-04-24T04:28:51.549664+00:00
2025-04-17 00:00:00+00:00,0.0,1576.57,v4,global,etf_eth,etf/ethereum/flow-history,2026-04-24T04:28:51.549664+00:00
2025-04-18 00:00:00+00:00,0.0,1582.84,v4,global,etf_eth,etf/ethereum/flow-history,2026-04-24T04:28:51.549664+00:00
2025-04-21 00:00:00+00:00,-25400000.0,1586.57,v4,global,etf_eth,etf/ethereum/flow-history,2026-04-24T04:28:51.549664+00:00
2025-04-22 00:00:00+00:00,38800000.0,1578.63,v4,global,etf_eth,etf/ethereum/flow-history,2026-04-24T04:28:51.549664+00:00
2025-04-23 00:00:00+00:00,-23900000.0,1755.58,v4,global,etf_eth,etf/ethereum/flow-history,2026-04-24T04:28:51.549664+00:00
2025-04-24 00:00:00+00:00,63500000.0,1794.45,v4,global,etf_eth,etf/ethereum/flow-history,2026-04-24T04:28:51.549664+00:00
2025-04-25 00:00:00+00:00,104100000.0,1768.79,v4,global,etf_eth,etf/ethereum/flow-history,2026-04-24T04:28:51.549664+00:00
2025-04-28 00:00:00+00:00,64100000.0,1790.22,v4,global,etf_eth,etf/ethereum/flow-history,2026-04-24T04:28:51.549664+00:00
2025-04-29 00:00:00+00:00,18400000.0,1799.21,v4,global,etf_eth,etf/ethereum/flow-history,2026-04-24T04:28:51.549664+00:00
2025-04-30 00:00:00+00:00,-2300000.0,1796.57,v4,global,etf_eth,etf/ethereum/flow-history,2026-04-24T04:28:51.549664+00:00
2025-05-01 00:00:00+00:00,6500000.0,1792.71,v4,global,etf_eth,etf/ethereum/flow-history,2026-04-24T04:28:51.549664+00:00
2025-05-02 00:00:00+00:00,20100000.0,1837.18,v4,global,etf_eth,etf/ethereum/flow-history,2026-04-24T04:28:51.549664+00:00
2025-05-05 00:00:00+00:00,0.0,1807.87,v4,global,etf_eth,etf/ethereum/flow-history,2026-04-24T04:28:51.549664+00:00
2025-05-06 00:00:00+00:00,-17900000.0,1819.43,v4,global,etf_eth,etf/ethereum/flow-history,2026-04-24T04:28:51.549664+00:00
2025-05-07 00:00:00+00:00,-21800000.0,1816.23,v4,global,etf_eth,etf/ethereum/flow-history,2026-04-24T04:28:51.549664+00:00
2025-05-08 00:00:00+00:00,-16100000.0,1810.13,v4,global,etf_eth,etf/ethereum/flow-history,2026-04-24T04:28:51.549664+00:00
2025-05-09 00:00:00+00:00,17600000.0,2206.53,v4,global,etf_eth,etf/ethereum/flow-history,2026-04-24T04:28:51.549664+00:00
2025-05-12 00:00:00+00:00,-17600000.0,2513.48,v4,global,etf_eth,etf/ethereum/flow-history,2026-04-24T04:28:51.549664+00:00
2025-05-13 00:00:00+00:00,13500000.0,2494.16,v4,global,etf_eth,etf/ethereum/flow-history,2026-04-24T04:28:51.549664+00:00
2025-05-14 00:00:00+00:00,63500000.0,2678.58,v4,global,etf_eth,etf/ethereum/flow-history,2026-04-24T04:28:51.549664+00:00
2025-05-15 00:00:00+00:00,-39800000.0,2608.75,v4,global,etf_eth,etf/ethereum/flow-history,2026-04-24T04:28:51.549664+00:00
2025-05-16 00:00:00+00:00,22200000.0,2547.76,v4,global,etf_eth,etf/ethereum/flow-history,2026-04-24T04:28:51.549664+00:00
2025-05-19 00:00:00+00:00,13700000.0,2496.98,v4,global,etf_eth,etf/ethereum/flow-history,2026-04-24T04:28:51.549664+00:00
2025-05-20 00:00:00+00:00,64800000.0,2526.87,v4,global,etf_eth,etf/ethereum/flow-history,2026-04-24T04:28:51.549664+00:00
2025-05-21 00:00:00+00:00,600000.0,2523.08,v4,global,etf_eth,etf/ethereum/flow-history,2026-04-24T04:28:51.549664+00:00
2025-05-22 00:00:00+00:00,110500000.0,2550.27,v4,global,etf_eth,etf/ethereum/flow-history,2026-04-24T04:28:51.549664+00:00
2025-05-23 00:00:00+00:00,58600000.0,2663.72,v4,global,etf_eth,etf/ethereum/flow-history,2026-04-24T04:28:51.549664+00:00
2025-05-26 00:00:00+00:00,0.0,2550.03,v4,global,etf_eth,etf/ethereum/flow-history,2026-04-24T04:28:51.549664+00:00
2025-05-27 00:00:00+00:00,38800000.0,2562.42,v4,global,etf_eth,etf/ethereum/flow-history,2026-04-24T04:28:51.549664+00:00
2025-05-28 00:00:00+00:00,84900000.0,2659.83,v4,global,etf_eth,etf/ethereum/flow-history,2026-04-24T04:28:51.549664+00:00
2025-05-29 00:00:00+00:00,91900000.0,2680.4,v4,global,etf_eth,etf/ethereum/flow-history,2026-04-24T04:28:51.549664+00:00
2025-05-30 00:00:00+00:00,70200000.0,2630.3,v4,global,etf_eth,etf/ethereum/flow-history,2026-04-24T04:28:51.549664+00:00
2025-06-02 00:00:00+00:00,78200000.0,2537.89,v4,global,etf_eth,etf/ethereum/flow-history,2026-04-24T04:28:51.549664+00:00
2025-06-03 00:00:00+00:00,109500000.0,2606.49,v4,global,etf_eth,etf/ethereum/flow-history,2026-04-24T04:28:51.549664+00:00
2025-06-04 00:00:00+00:00,57000000.0,2592.16,v4,global,etf_eth,etf/ethereum/flow-history,2026-04-24T04:28:51.549664+00:00
2025-06-05 00:00:00+00:00,11300000.0,2606.62,v4,global,etf_eth,etf/ethereum/flow-history,2026-04-24T04:28:51.549664+00:00
2025-06-06 00:00:00+00:00,25300000.0,2412.9,v4,global,etf_eth,etf/ethereum/flow-history,2026-04-24T04:28:51.549664+00:00
2025-06-09 00:00:00+00:00,52700000.0,2508.31,v4,global,etf_eth,etf/ethereum/flow-history,2026-04-24T04:28:51.549664+00:00
2025-06-10 00:00:00+00:00,125000000.0,2679.13,v4,global,etf_eth,etf/ethereum/flow-history,2026-04-24T04:28:51.549664+00:00
2025-06-11 00:00:00+00:00,240300000.0,2815.74,v4,global,etf_eth,etf/ethereum/flow-history,2026-04-24T04:28:51.549664+00:00
2025-06-12 00:00:00+00:00,112300000.0,2770.35,v4,global,etf_eth,etf/ethereum/flow-history,2026-04-24T04:28:51.549664+00:00
2025-06-13 00:00:00+00:00,-2100000.0,2641.4,v4,global,etf_eth,etf/ethereum/flow-history,2026-04-24T04:28:51.549664+00:00
2025-06-16 00:00:00+00:00,21400000.0,2546.32,v4,global,etf_eth,etf/ethereum/flow-history,2026-04-24T04:28:51.549664+00:00
2025-06-17 00:00:00+00:00,11100000.0,2543.11,v4,global,etf_eth,etf/ethereum/flow-history,2026-04-24T04:28:51.549664+00:00
2025-06-18 00:00:00+00:00,19100000.0,2508.99,v4,global,etf_eth,etf/ethereum/flow-history,2026-04-24T04:28:51.549664+00:00
2025-06-19 00:00:00+00:00,0.0,2523.5,v4,global,etf_eth,etf/ethereum/flow-history,2026-04-24T04:28:51.549664+00:00
2025-06-20 00:00:00+00:00,-11300000.0,2520.17,v4,global,etf_eth,etf/ethereum/flow-history,2026-04-24T04:28:51.549664+00:00
2025-06-23 00:00:00+00:00,100700000.0,2226.33,v4,global,etf_eth,etf/ethereum/flow-history,2026-04-24T04:28:51.549664+00:00
2025-06-24 00:00:00+00:00,71300000.0,2410.4,v4,global,etf_eth,etf/ethereum/flow-history,2026-04-24T04:28:51.549664+00:00
2025-06-25 00:00:00+00:00,60400000.0,2447.58,v4,global,etf_eth,etf/ethereum/flow-history,2026-04-24T04:28:51.549664+00:00
2025-06-26 00:00:00+00:00,-26400000.0,2417.28,v4,global,etf_eth,etf/ethereum/flow-history,2026-04-24T04:28:51.549664+00:00
2025-06-27 00:00:00+00:00,77500000.0,2414.59,v4,global,etf_eth,etf/ethereum/flow-history,2026-04-24T04:28:51.549664+00:00
2025-06-30 00:00:00+00:00,31800000.0,2499.25,v4,global,etf_eth,etf/ethereum/flow-history,2026-04-24T04:28:51.549664+00:00
2025-07-01 00:00:00+00:00,40700000.0,2484.3,v4,global,etf_eth,etf/ethereum/flow-history,2026-04-24T04:28:51.549664+00:00
2025-07-02 00:00:00+00:00,-1900000.0,2403.66,v4,global,etf_eth,etf/ethereum/flow-history,2026-04-24T04:28:51.549664+00:00
2025-07-03 00:00:00+00:00,148500000.0,2569.37,v4,global,etf_eth,etf/ethereum/flow-history,2026-04-24T04:28:51.549664+00:00
2025-07-04 00:00:00+00:00,0.0,2590.18,v4,global,etf_eth,etf/ethereum/flow-history,2026-04-24T04:28:51.549664+00:00
2025-07-07 00:00:00+00:00,62100000.0,2569.14,v4,global,etf_eth,etf/ethereum/flow-history,2026-04-24T04:28:51.549664+00:00
2025-07-08 00:00:00+00:00,46700000.0,2541.36,v4,global,etf_eth,etf/ethereum/flow-history,2026-04-24T04:28:51.549664+00:00
2025-07-09 00:00:00+00:00,211300000.0,2613.97,v4,global,etf_eth,etf/ethereum/flow-history,2026-04-24T04:28:51.549664+00:00
2025-07-10 00:00:00+00:00,383100000.0,2767.69,v4,global,etf_eth,etf/ethereum/flow-history,2026-04-24T04:28:51.549664+00:00
2025-07-11 00:00:00+00:00,204900000.0,2950.61,v4,global,etf_eth,etf/ethereum/flow-history,2026-04-24T04:28:51.549664+00:00
2025-07-14 00:00:00+00:00,259000000.0,2970.37,v4,global,etf_eth,etf/ethereum/flow-history,2026-04-24T04:28:51.549664+00:00
2025-07-15 00:00:00+00:00,192300000.0,3012.25,v4,global,etf_eth,etf/ethereum/flow-history,2026-04-24T04:28:51.549664+00:00
2025-07-16 00:00:00+00:00,726600000.0,3137.62,v4,global,etf_eth,etf/ethereum/flow-history,2026-04-24T04:28:51.549664+00:00
2025-07-17 00:00:00+00:00,602000000.0,3370.54,v4,global,etf_eth,etf/ethereum/flow-history,2026-04-24T04:28:51.549664+00:00
2025-07-18 00:00:00+00:00,402500000.0,3476.66,v4,global,etf_eth,etf/ethereum/flow-history,2026-04-24T04:28:51.549664+00:00
2025-07-21 00:00:00+00:00,296500000.0,3755.68,v4,global,etf_eth,etf/ethereum/flow-history,2026-04-24T04:28:51.549664+00:00
2025-07-22 00:00:00+00:00,533800000.0,3760.95,v4,global,etf_eth,etf/ethereum/flow-history,2026-04-24T04:28:51.549664+00:00
2025-07-23 00:00:00+00:00,332200000.0,3746.02,v4,global,etf_eth,etf/ethereum/flow-history,2026-04-24T04:28:51.549664+00:00
2025-07-24 00:00:00+00:00,231200000.0,3627.5,v4,global,etf_eth,etf/ethereum/flow-history,2026-04-24T04:28:51.549664+00:00
2025-07-25 00:00:00+00:00,452800000.0,3706.22,v4,global,etf_eth,etf/ethereum/flow-history,2026-04-24T04:28:51.549664+00:00
2025-07-28 00:00:00+00:00,65200000.0,3871.48,v4,global,etf_eth,etf/ethereum/flow-history,2026-04-24T04:28:51.549664+00:00
2025-07-29 00:00:00+00:00,218600000.0,3795.99,v4,global,etf_eth,etf/ethereum/flow-history,2026-04-24T04:28:51.549664+00:00
2025-07-30 00:00:00+00:00,5800000.0,3791.56,v4,global,etf_eth,etf/ethereum/flow-history,2026-04-24T04:28:51.549664+00:00
2025-07-31 00:00:00+00:00,17000000.0,3808.67,v4,global,etf_eth,etf/ethereum/flow-history,2026-04-24T04:28:51.549664+00:00
2025-08-01 00:00:00+00:00,-152300000.0,3696.57,v4,global,etf_eth,etf/ethereum/flow-history,2026-04-24T04:28:51.549664+00:00
2025-08-04 00:00:00+00:00,-465100000.0,3495.01,v4,global,etf_eth,etf/ethereum/flow-history,2026-04-24T04:28:51.549664+00:00
2025-08-05 00:00:00+00:00,73300000.0,3719.41,v4,global,etf_eth,etf/ethereum/flow-history,2026-04-24T04:28:51.549664+00:00
2025-08-06 00:00:00+00:00,35100000.0,3610.19,v4,global,etf_eth,etf/ethereum/flow-history,2026-04-24T04:28:51.549664+00:00
2025-08-07 00:00:00+00:00,222300000.0,3681.21,v4,global,etf_eth,etf/ethereum/flow-history,2026-04-24T04:28:51.549664+00:00
2025-08-08 00:00:00+00:00,461000000.0,3908.4,v4,global,etf_eth,etf/ethereum/flow-history,2026-04-24T04:28:51.549664+00:00
2025-08-11 00:00:00+00:00,1018800000.0,4248.77,v4,global,etf_eth,etf/ethereum/flow-history,2026-04-24T04:28:51.549664+00:00
2025-08-12 00:00:00+00:00,523900000.0,4221.31,v4,global,etf_eth,etf/ethereum/flow-history,2026-04-24T04:28:51.549664+00:00
2025-08-13 00:00:00+00:00,729100000.0,4589.31,v4,global,etf_eth,etf/ethereum/flow-history,2026-04-24T04:28:51.549664+00:00
2025-08-14 00:00:00+00:00,639600000.0,4748.36,v4,global,etf_eth,etf/ethereum/flow-history,2026-04-24T04:28:51.549664+00:00
2025-08-15 00:00:00+00:00,-59300000.0,4545.25,v4,global,etf_eth,etf/ethereum/flow-history,2026-04-24T04:28:51.549664+00:00
2025-08-18 00:00:00+00:00,-196600000.0,4470.66,v4,global,etf_eth,etf/ethereum/flow-history,2026-04-24T04:28:51.549664+00:00
2025-08-19 00:00:00+00:00,-422200000.0,4311.72,v4,global,etf_eth,etf/ethereum/flow-history,2026-04-24T04:28:51.549664+00:00
2025-08-20 00:00:00+00:00,-240200000.0,4073.93,v4,global,etf_eth,etf/ethereum/flow-history,2026-04-24T04:28:51.549664+00:00
2025-08-21 00:00:00+00:00,287600000.0,4334.5,v4,global,etf_eth,etf/ethereum/flow-history,2026-04-24T04:28:51.549664+00:00
2025-08-22 00:00:00+00:00,337700000.0,4223.69,v4,global,etf_eth,etf/ethereum/flow-history,2026-04-24T04:28:51.549664+00:00
2025-08-25 00:00:00+00:00,443900000.0,4778.33,v4,global,etf_eth,etf/ethereum/flow-history,2026-04-24T04:28:51.549664+00:00
2025-08-26 00:00:00+00:00,455000000.0,4374.25,v4,global,etf_eth,etf/ethereum/flow-history,2026-04-24T04:28:51.549664+00:00
2025-08-27 00:00:00+00:00,307200000.0,4598.5,v4,global,etf_eth,etf/ethereum/flow-history,2026-04-24T04:28:51.549664+00:00
2025-08-28 00:00:00+00:00,39100000.0,4504.86,v4,global,etf_eth,etf/ethereum/flow-history,2026-04-24T04:28:51.549664+00:00
2025-08-29 00:00:00+00:00,-164600000.0,4509.1,v4,global,etf_eth,etf/ethereum/flow-history,2026-04-24T04:28:51.549664+00:00
2025-09-02 00:00:00+00:00,-135300000.0,4313.0,v4,global,etf_eth,etf/ethereum/flow-history,2026-04-24T04:28:51.549664+00:00
2025-09-03 00:00:00+00:00,-38200000.0,4324.58,v4,global,etf_eth,etf/ethereum/flow-history,2026-04-24T04:28:51.549664+00:00
2025-09-04 00:00:00+00:00,-167300000.0,4448.22,v4,global,etf_eth,etf/ethereum/flow-history,2026-04-24T04:28:51.549664+00:00
2025-09-05 00:00:00+00:00,-446800000.0,4295.68,v4,global,etf_eth,etf/ethereum/flow-history,2026-04-24T04:28:51.549664+00:00
2025-09-08 00:00:00+00:00,-96700000.0,4303.83,v4,global,etf_eth,etf/ethereum/flow-history,2026-04-24T04:28:51.549664+00:00
2025-09-09 00:00:00+00:00,44200000.0,4303.97,v4,global,etf_eth,etf/ethereum/flow-history,2026-04-24T04:28:51.549664+00:00
2025-09-10 00:00:00+00:00,171500000.0,4308.41,v4,global,etf_eth,etf/ethereum/flow-history,2026-04-24T04:28:51.549664+00:00
2025-09-11 00:00:00+00:00,113100000.0,4347.83,v4,global,etf_eth,etf/ethereum/flow-history,2026-04-24T04:28:51.549664+00:00
2025-09-12 00:00:00+00:00,405500000.0,4456.87,v4,global,etf_eth,etf/ethereum/flow-history,2026-04-24T04:28:51.549664+00:00
2025-09-15 00:00:00+00:00,359700000.0,4602.0,v4,global,etf_eth,etf/ethereum/flow-history,2026-04-24T04:28:51.549664+00:00
2025-09-16 00:00:00+00:00,-61700000.0,4521.54,v4,global,etf_eth,etf/ethereum/flow-history,2026-04-24T04:28:51.549664+00:00
2025-09-17 00:00:00+00:00,-1900000.0,4499.41,v4,global,etf_eth,etf/ethereum/flow-history,2026-04-24T04:28:51.549664+00:00
2025-09-18 00:00:00+00:00,213100000.0,4588.31,v4,global,etf_eth,etf/ethereum/flow-history,2026-04-24T04:28:51.549664+00:00
2025-09-19 00:00:00+00:00,47800000.0,4585.32,v4,global,etf_eth,etf/ethereum/flow-history,2026-04-24T04:28:51.549664+00:00
2025-09-22 00:00:00+00:00,-76000000.0,4443.0,v4,global,etf_eth,etf/ethereum/flow-history,2026-04-24T04:28:51.549664+00:00
2025-09-23 00:00:00+00:00,-140800000.0,4196.87,v4,global,etf_eth,etf/ethereum/flow-history,2026-04-24T04:28:51.549664+00:00
2025-09-24 00:00:00+00:00,-79400000.0,4162.25,v4,global,etf_eth,etf/ethereum/flow-history,2026-04-24T04:28:51.549664+00:00
2025-09-25 00:00:00+00:00,-251200000.0,4150.51,v4,global,etf_eth,etf/ethereum/flow-history,2026-04-24T04:28:51.549664+00:00
2025-09-26 00:00:00+00:00,-248400000.0,3873.1,v4,global,etf_eth,etf/ethereum/flow-history,2026-04-24T04:28:51.549664+00:00
2025-09-29 00:00:00+00:00,546900000.0,4139.54,v4,global,etf_eth,etf/ethereum/flow-history,2026-04-24T04:28:51.549664+00:00
2025-09-30 00:00:00+00:00,127500000.0,4212.99,v4,global,etf_eth,etf/ethereum/flow-history,2026-04-24T04:28:51.549664+00:00
2025-10-01 00:00:00+00:00,80900000.0,4142.74,v4,global,etf_eth,etf/ethereum/flow-history,2026-04-24T04:28:51.549664+00:00
2025-10-02 00:00:00+00:00,307100000.0,4345.84,v4,global,etf_eth,etf/ethereum/flow-history,2026-04-24T04:28:51.549664+00:00
2025-10-03 00:00:00+00:00,233500000.0,4481.7,v4,global,etf_eth,etf/ethereum/flow-history,2026-04-24T04:28:51.549664+00:00
2025-10-06 00:00:00+00:00,176600000.0,4512.35,v4,global,etf_eth,etf/ethereum/flow-history,2026-04-24T04:28:51.549664+00:00
2025-10-07 00:00:00+00:00,420900000.0,4682.42,v4,global,etf_eth,etf/ethereum/flow-history,2026-04-24T04:28:51.549664+00:00
2025-10-08 00:00:00+00:00,69100000.0,4445.77,v4,global,etf_eth,etf/ethereum/flow-history,2026-04-24T04:28:51.549664+00:00
2025-10-09 00:00:00+00:00,-8700000.0,4523.66,v4,global,etf_eth,etf/ethereum/flow-history,2026-04-24T04:28:51.549664+00:00
2025-10-10 00:00:00+00:00,-174900000.0,4365.83,v4,global,etf_eth,etf/ethereum/flow-history,2026-04-24T04:28:51.549664+00:00
2025-10-13 00:00:00+00:00,-428500000.0,4150.0,v4,global,etf_eth,etf/ethereum/flow-history,2026-04-24T04:28:51.549664+00:00
2025-10-14 00:00:00+00:00,236200000.0,4239.7,v4,global,etf_eth,etf/ethereum/flow-history,2026-04-24T04:28:51.549664+00:00
2025-10-15 00:00:00+00:00,169600000.0,4123.06,v4,global,etf_eth,etf/ethereum/flow-history,2026-04-24T04:28:51.549664+00:00
2025-10-16 00:00:00+00:00,-56800000.0,3983.8,v4,global,etf_eth,etf/ethereum/flow-history,2026-04-24T04:28:51.549664+00:00
2025-10-17 00:00:00+00:00,-232300000.0,3892.01,v4,global,etf_eth,etf/ethereum/flow-history,2026-04-24T04:28:51.549664+00:00
2025-10-20 00:00:00+00:00,-145700000.0,3980.6,v4,global,etf_eth,etf/ethereum/flow-history,2026-04-24T04:28:51.549664+00:00
2025-10-21 00:00:00+00:00,141700000.0,3977.54,v4,global,etf_eth,etf/ethereum/flow-history,2026-04-24T04:28:51.549664+00:00
2025-10-22 00:00:00+00:00,-18900000.0,3871.11,v4,global,etf_eth,etf/ethereum/flow-history,2026-04-24T04:28:51.549664+00:00
2025-10-23 00:00:00+00:00,-127400000.0,3803.94,v4,global,etf_eth,etf/ethereum/flow-history,2026-04-24T04:28:51.549664+00:00
2025-10-24 00:00:00+00:00,-93600000.0,3855.22,v4,global,etf_eth,etf/ethereum/flow-history,2026-04-24T04:28:51.549664+00:00
2025-10-27 00:00:00+00:00,133900000.0,4156.36,v4,global,etf_eth,etf/ethereum/flow-history,2026-04-24T04:28:51.549664+00:00
2025-10-28 00:00:00+00:00,246000000.0,4118.46,v4,global,etf_eth,etf/ethereum/flow-history,2026-04-24T04:28:51.549664+00:00
2025-10-29 00:00:00+00:00,-81400000.0,3977.56,v4,global,etf_eth,etf/ethereum/flow-history,2026-04-24T04:28:51.549664+00:00
2025-10-30 00:00:00+00:00,-184200000.0,3900.38,v4,global,etf_eth,etf/ethereum/flow-history,2026-04-24T04:28:51.549664+00:00
2025-10-31 00:00:00+00:00,-98200000.0,3802.81,v4,global,etf_eth,etf/ethereum/flow-history,2026-04-24T04:28:51.549664+00:00
2025-11-03 00:00:00+00:00,-135700000.0,3904.79,v4,global,etf_eth,etf/ethereum/flow-history,2026-04-24T04:28:51.549664+00:00
2025-11-04 00:00:00+00:00,-219400000.0,3602.15,v4,global,etf_eth,etf/ethereum/flow-history,2026-04-24T04:28:51.549664+00:00
2025-11-05 00:00:00+00:00,-118500000.0,3285.29,v4,global,etf_eth,etf/ethereum/flow-history,2026-04-24T04:28:51.549664+00:00
2025-11-06 00:00:00+00:00,12500000.0,3423.06,v4,global,etf_eth,etf/ethereum/flow-history,2026-04-24T04:28:51.549664+00:00
2025-11-07 00:00:00+00:00,-46600000.0,3313.7,v4,global,etf_eth,etf/ethereum/flow-history,2026-04-24T04:28:51.549664+00:00
2025-11-10 00:00:00+00:00,0.0,3581.31,v4,global,etf_eth,etf/ethereum/flow-history,2026-04-24T04:28:51.549664+00:00
2025-11-11 00:00:00+00:00,-107100000.0,3566.38,v4,global,etf_eth,etf/ethereum/flow-history,2026-04-24T04:28:51.549664+00:00
2025-11-12 00:00:00+00:00,-183700000.0,3416.33,v4,global,etf_eth,etf/ethereum/flow-history,2026-04-24T04:28:51.549664+00:00
2025-11-13 00:00:00+00:00,-259600000.0,3413.45,v4,global,etf_eth,etf/ethereum/flow-history,2026-04-24T04:28:51.549664+00:00
2025-11-14 00:00:00+00:00,-177900000.0,3230.13,v4,global,etf_eth,etf/ethereum/flow-history,2026-04-24T04:28:51.549664+00:00
2025-11-17 00:00:00+00:00,-182700000.0,3094.04,v4,global,etf_eth,etf/ethereum/flow-history,2026-04-24T04:28:51.549664+00:00
2025-11-18 00:00:00+00:00,-74200000.0,3030.06,v4,global,etf_eth,etf/ethereum/flow-history,2026-04-24T04:28:51.549664+00:00
2025-11-19 00:00:00+00:00,-37400000.0,3122.2,v4,global,etf_eth,etf/ethereum/flow-history,2026-04-24T04:28:51.549664+00:00
2025-11-20 00:00:00+00:00,-261600000.0,3024.08,v4,global,etf_eth,etf/ethereum/flow-history,2026-04-24T04:28:51.549664+00:00
2025-11-21 00:00:00+00:00,55700000.0,2832.96,v4,global,etf_eth,etf/ethereum/flow-history,2026-04-24T04:28:51.549664+00:00
2025-11-24 00:00:00+00:00,96600000.0,2800.74,v4,global,etf_eth,etf/ethereum/flow-history,2026-04-24T04:28:51.549664+00:00
2025-11-25 00:00:00+00:00,78600000.0,2952.18,v4,global,etf_eth,etf/ethereum/flow-history,2026-04-24T04:28:51.549664+00:00
2025-11-26 00:00:00+00:00,60800000.0,2958.24,v4,global,etf_eth,etf/ethereum/flow-history,2026-04-24T04:28:51.549664+00:00
2025-11-28 00:00:00+00:00,76600000.0,3013.81,v4,global,etf_eth,etf/ethereum/flow-history,2026-04-24T04:28:51.549664+00:00
2025-12-01 00:00:00+00:00,-79000000.0,2990.01,v4,global,etf_eth,etf/ethereum/flow-history,2026-04-24T04:28:51.549664+00:00
2025-12-02 00:00:00+00:00,-9900000.0,2797.48,v4,global,etf_eth,etf/ethereum/flow-history,2026-04-24T04:28:51.549664+00:00
2025-12-03 00:00:00+00:00,140200000.0,2994.63,v4,global,etf_eth,etf/ethereum/flow-history,2026-04-24T04:28:51.549664+00:00
2025-12-04 00:00:00+00:00,-41500000.0,3187.08,v4,global,etf_eth,etf/ethereum/flow-history,2026-04-24T04:28:51.549664+00:00
2025-12-05 00:00:00+00:00,-75200000.0,3132.01,v4,global,etf_eth,etf/ethereum/flow-history,2026-04-24T04:28:51.549664+00:00
2025-12-08 00:00:00+00:00,35500000.0,3058.15,v4,global,etf_eth,etf/ethereum/flow-history,2026-04-24T04:28:51.549664+00:00
2025-12-09 00:00:00+00:00,177700000.0,3123.15,v4,global,etf_eth,etf/ethereum/flow-history,2026-04-24T04:28:51.549664+00:00
2025-12-10 00:00:00+00:00,57600000.0,3316.5,v4,global,etf_eth,etf/ethereum/flow-history,2026-04-24T04:28:51.549664+00:00
2025-12-11 00:00:00+00:00,-42300000.0,3322.8,v4,global,etf_eth,etf/ethereum/flow-history,2026-04-24T04:28:51.549664+00:00
2025-12-12 00:00:00+00:00,-19400000.0,3235.78,v4,global,etf_eth,etf/ethereum/flow-history,2026-04-24T04:28:51.549664+00:00
2025-12-15 00:00:00+00:00,-224800000.0,3062.01,v4,global,etf_eth,etf/ethereum/flow-history,2026-04-24T04:28:51.549664+00:00
2025-12-16 00:00:00+00:00,-224200000.0,2963.25,v4,global,etf_eth,etf/ethereum/flow-history,2026-04-24T04:28:51.549664+00:00
2025-12-17 00:00:00+00:00,-22400000.0,2960.83,v4,global,etf_eth,etf/ethereum/flow-history,2026-04-24T04:28:51.549664+00:00
2025-12-18 00:00:00+00:00,-96600000.0,2831.99,v4,global,etf_eth,etf/ethereum/flow-history,2026-04-24T04:28:51.549664+00:00
2025-12-19 00:00:00+00:00,-75900000.0,2827.32,v4,global,etf_eth,etf/ethereum/flow-history,2026-04-24T04:28:51.549664+00:00
2025-12-22 00:00:00+00:00,84600000.0,3000.61,v4,global,etf_eth,etf/ethereum/flow-history,2026-04-24T04:28:51.549664+00:00
2025-12-23 00:00:00+00:00,-95500000.0,3008.5,v4,global,etf_eth,etf/ethereum/flow-history,2026-04-24T04:28:51.549664+00:00
2025-12-24 00:00:00+00:00,-52800000.0,2963.29,v4,global,etf_eth,etf/ethereum/flow-history,2026-04-24T04:28:51.549664+00:00
2025-12-26 00:00:00+00:00,-38700000.0,2902.32,v4,global,etf_eth,etf/ethereum/flow-history,2026-04-24T04:28:51.549664+00:00
2025-12-29 00:00:00+00:00,-9600000.0,2949.6,v4,global,etf_eth,etf/ethereum/flow-history,2026-04-24T04:28:51.549664+00:00
2025-12-30 00:00:00+00:00,67900000.0,2936.45,v4,global,etf_eth,etf/ethereum/flow-history,2026-04-24T04:28:51.549664+00:00
2025-12-31 00:00:00+00:00,-72000000.0,2972.23,v4,global,etf_eth,etf/ethereum/flow-history,2026-04-24T04:28:51.549664+00:00
2026-01-02 00:00:00+00:00,174500000.0,3002.5,v4,global,etf_eth,etf/ethereum/flow-history,2026-04-24T04:28:51.549664+00:00
2026-01-05 00:00:00+00:00,168000000.0,3143.33,v4,global,etf_eth,etf/ethereum/flow-history,2026-04-24T04:28:51.549664+00:00
2026-01-06 00:00:00+00:00,114700000.0,3223.72,v4,global,etf_eth,etf/ethereum/flow-history,2026-04-24T04:28:51.549664+00:00
2026-01-07 00:00:00+00:00,-98300000.0,3295.46,v4,global,etf_eth,etf/ethereum/flow-history,2026-04-24T04:28:51.549664+00:00
2026-01-08 00:00:00+00:00,-159200000.0,3167.53,v4,global,etf_eth,etf/ethereum/flow-history,2026-04-24T04:28:51.549664+00:00
2026-01-09 00:00:00+00:00,-93800000.0,3105.44,v4,global,etf_eth,etf/ethereum/flow-history,2026-04-24T04:28:51.549664+00:00
2026-01-12 00:00:00+00:00,5100000.0,3122.01,v4,global,etf_eth,etf/ethereum/flow-history,2026-04-24T04:28:51.549664+00:00
2026-01-13 00:00:00+00:00,130000000.0,3093.85,v4,global,etf_eth,etf/ethereum/flow-history,2026-04-24T04:28:51.549664+00:00
2026-01-14 00:00:00+00:00,175100000.0,3324.68,v4,global,etf_eth,etf/ethereum/flow-history,2026-04-24T04:28:51.549664+00:00
2026-01-15 00:00:00+00:00,164400000.0,3353.28,v4,global,etf_eth,etf/ethereum/flow-history,2026-04-24T04:28:51.549664+00:00
2026-01-16 00:00:00+00:00,4700000.0,3317.0,v4,global,etf_eth,etf/ethereum/flow-history,2026-04-24T04:28:51.549664+00:00
2026-01-20 00:00:00+00:00,-230000000.0,3188.01,v4,global,etf_eth,etf/ethereum/flow-history,2026-04-24T04:28:51.549664+00:00
2026-01-21 00:00:00+00:00,-287000000.0,2938.25,v4,global,etf_eth,etf/ethereum/flow-history,2026-04-24T04:28:51.549664+00:00
2026-01-22 00:00:00+00:00,-42000000.0,2980.67,v4,global,etf_eth,etf/ethereum/flow-history,2026-04-24T04:28:51.549664+00:00
2026-01-23 00:00:00+00:00,-41700000.0,2951.21,v4,global,etf_eth,etf/ethereum/flow-history,2026-04-24T04:28:51.549664+00:00
2026-01-26 00:00:00+00:00,117000000.0,2815.49,v4,global,etf_eth,etf/ethereum/flow-history,2026-04-24T04:28:51.549664+00:00
2026-01-27 00:00:00+00:00,-63600000.0,2928.89,v4,global,etf_eth,etf/ethereum/flow-history,2026-04-24T04:28:51.549664+00:00
2026-01-28 00:00:00+00:00,28100000.0,3024.92,v4,global,etf_eth,etf/ethereum/flow-history,2026-04-24T04:28:51.549664+00:00
2026-01-29 00:00:00+00:00,-155700000.0,3009.36,v4,global,etf_eth,etf/ethereum/flow-history,2026-04-24T04:28:51.549664+00:00
2026-01-30 00:00:00+00:00,-252900000.0,2821.01,v4,global,etf_eth,etf/ethereum/flow-history,2026-04-24T04:28:51.549664+00:00
2026-02-02 00:00:00+00:00,-2900000.0,2269.03,v4,global,etf_eth,etf/ethereum/flow-history,2026-04-24T04:28:51.549664+00:00
2026-02-03 00:00:00+00:00,14000000.0,2345.56,v4,global,etf_eth,etf/ethereum/flow-history,2026-04-24T04:28:51.549664+00:00
2026-02-04 00:00:00+00:00,-79400000.0,2232.24,v4,global,etf_eth,etf/ethereum/flow-history,2026-04-24T04:28:51.549664+00:00
2026-02-05 00:00:00+00:00,-80800000.0,2147.02,v4,global,etf_eth,etf/ethereum/flow-history,2026-04-24T04:28:51.549664+00:00
2026-02-06 00:00:00+00:00,-16700000.0,1824.94,v4,global,etf_eth,etf/ethereum/flow-history,2026-04-24T04:28:51.549664+00:00
2026-02-09 00:00:00+00:00,57000000.0,2088.59,v4,global,etf_eth,etf/ethereum/flow-history,2026-04-24T04:28:51.549664+00:00
2026-02-10 00:00:00+00:00,13800000.0,2103.96,v4,global,etf_eth,etf/ethereum/flow-history,2026-04-24T04:28:51.549664+00:00
2026-02-11 00:00:00+00:00,-129100000.0,2021.51,v4,global,etf_eth,etf/ethereum/flow-history,2026-04-24T04:28:51.549664+00:00
2026-02-12 00:00:00+00:00,-113100000.0,1940.07,v4,global,etf_eth,etf/ethereum/flow-history,2026-04-24T04:28:51.549664+00:00
2026-02-13 00:00:00+00:00,10200000.0,1947.15,v4,global,etf_eth,etf/ethereum/flow-history,2026-04-24T04:28:51.549664+00:00
2026-02-17 00:00:00+00:00,48600000.0,1997.36,v4,global,etf_eth,etf/ethereum/flow-history,2026-04-24T04:28:51.549664+00:00
2026-02-18 00:00:00+00:00,-41800000.0,1990.68,v4,global,etf_eth,etf/ethereum/flow-history,2026-04-24T04:28:51.549664+00:00
2026-02-19 00:00:00+00:00,-130100000.0,1954.77,v4,global,etf_eth,etf/ethereum/flow-history,2026-04-24T04:28:51.549664+00:00
2026-02-20 00:00:00+00:00,0.0,1948.15,v4,global,etf_eth,etf/ethereum/flow-history,2026-04-24T04:28:51.549664+00:00
2026-02-23 00:00:00+00:00,-49500000.0,1957.0,v4,global,etf_eth,etf/ethereum/flow-history,2026-04-24T04:28:51.549664+00:00
2026-02-24 00:00:00+00:00,9200000.0,1855.47,v4,global,etf_eth,etf/ethereum/flow-history,2026-04-24T04:28:51.549664+00:00
2026-02-25 00:00:00+00:00,157200000.0,1851.1,v4,global,etf_eth,etf/ethereum/flow-history,2026-04-24T04:28:51.549664+00:00
2026-02-26 00:00:00+00:00,6600000.0,2056.51,v4,global,etf_eth,etf/ethereum/flow-history,2026-04-24T04:28:51.549664+00:00
2026-02-27 00:00:00+00:00,-43000000.0,2026.7,v4,global,etf_eth,etf/ethereum/flow-history,2026-04-24T04:28:51.549664+00:00
2026-03-02 00:00:00+00:00,38700000.0,1938.58,v4,global,etf_eth,etf/ethereum/flow-history,2026-04-24T04:28:51.549664+00:00
2026-03-03 00:00:00+00:00,-10800000.0,2026.69,v4,global,etf_eth,etf/ethereum/flow-history,2026-04-24T04:28:51.549664+00:00
2026-03-04 00:00:00+00:00,169400000.0,1981.85,v4,global,etf_eth,etf/ethereum/flow-history,2026-04-24T04:28:51.549664+00:00
2026-03-05 00:00:00+00:00,-90900000.0,2125.97,v4,global,etf_eth,etf/ethereum/flow-history,2026-04-24T04:28:51.549664+00:00
2026-03-06 00:00:00+00:00,-82900000.0,2072.17,v4,global,etf_eth,etf/ethereum/flow-history,2026-04-24T04:28:51.549664+00:00
2026-03-09 00:00:00+00:00,-51300000.0,1935.98,v4,global,etf_eth,etf/ethereum/flow-history,2026-04-24T04:28:51.549664+00:00
2026-03-10 00:00:00+00:00,12600000.0,1992.28,v4,global,etf_eth,etf/ethereum/flow-history,2026-04-24T04:28:51.549664+00:00
2026-03-11 00:00:00+00:00,57000000.0,2035.38,v4,global,etf_eth,etf/ethereum/flow-history,2026-04-24T04:28:51.549664+00:00
2026-03-12 00:00:00+00:00,72400000.0,2050.98,v4,global,etf_eth,etf/ethereum/flow-history,2026-04-24T04:28:51.549664+00:00
2026-03-13 00:00:00+00:00,26700000.0,2072.6,v4,global,etf_eth,etf/ethereum/flow-history,2026-04-24T04:28:51.549664+00:00
2026-03-16 00:00:00+00:00,35900000.0,2177.73,v4,global,etf_eth,etf/ethereum/flow-history,2026-04-24T04:28:51.549664+00:00
2026-03-17 00:00:00+00:00,138200000.0,2351.66,v4,global,etf_eth,etf/ethereum/flow-history,2026-04-24T04:28:51.549664+00:00
2026-03-18 00:00:00+00:00,-55700000.0,2316.45,v4,global,etf_eth,etf/ethereum/flow-history,2026-04-24T04:28:51.549664+00:00
2026-03-19 00:00:00+00:00,-136400000.0,2201.96,v4,global,etf_eth,etf/ethereum/flow-history,2026-04-24T04:28:51.549664+00:00
2026-03-20 00:00:00+00:00,-42000000.0,2136.56,v4,global,etf_eth,etf/ethereum/flow-history,2026-04-24T04:28:51.549664+00:00
2026-03-23 00:00:00+00:00,-16200000.0,2052.86,v4,global,etf_eth,etf/ethereum/flow-history,2026-04-24T04:28:51.549664+00:00
2026-03-24 00:00:00+00:00,-40700000.0,2151.0,v4,global,etf_eth,etf/ethereum/flow-history,2026-04-24T04:28:51.549664+00:00
2026-03-25 00:00:00+00:00,-8500000.0,2155.3,v4,global,etf_eth,etf/ethereum/flow-history,2026-04-24T04:28:51.549664+00:00
2026-03-26 00:00:00+00:00,-92500000.0,2167.99,v4,global,etf_eth,etf/ethereum/flow-history,2026-04-24T04:28:51.549664+00:00
2026-03-27 00:00:00+00:00,-48500000.0,2059.18,v4,global,etf_eth,etf/ethereum/flow-history,2026-04-24T04:28:51.549664+00:00
2026-03-30 00:00:00+00:00,5000000.0,1983.45,v4,global,etf_eth,etf/ethereum/flow-history,2026-04-24T04:28:51.549664+00:00
2026-03-31 00:00:00+00:00,31200000.0,2025.69,v4,global,etf_eth,etf/ethereum/flow-history,2026-04-24T04:28:51.549664+00:00
2026-04-01 00:00:00+00:00,-7100000.0,2104.48,v4,global,etf_eth,etf/ethereum/flow-history,2026-04-24T04:28:51.549664+00:00
2026-04-02 00:00:00+00:00,-71200000.0,2138.8,v4,global,etf_eth,etf/ethereum/flow-history,2026-04-24T04:28:51.549664+00:00
2026-04-06 00:00:00+00:00,120200000.0,2109.36,v4,global,etf_eth,etf/ethereum/flow-history,2026-04-24T04:28:51.549664+00:00
2026-04-07 00:00:00+00:00,-64700000.0,2106.14,v4,global,etf_eth,etf/ethereum/flow-history,2026-04-24T04:28:51.549664+00:00
2026-04-08 00:00:00+00:00,-18600000.0,2239.14,v4,global,etf_eth,etf/ethereum/flow-history,2026-04-24T04:28:51.549664+00:00
2026-04-09 00:00:00+00:00,85200000.0,2188.87,v4,global,etf_eth,etf/ethereum/flow-history,2026-04-24T04:28:51.549664+00:00
2026-04-10 00:00:00+00:00,64900000.0,2188.92,v4,global,etf_eth,etf/ethereum/flow-history,2026-04-24T04:28:51.549664+00:00
2026-04-13 00:00:00+00:00,9500000.0,2190.61,v4,global,etf_eth,etf/ethereum/flow-history,2026-04-24T04:28:51.549664+00:00
2026-04-14 00:00:00+00:00,53100000.0,2368.8,v4,global,etf_eth,etf/ethereum/flow-history,2026-04-24T04:28:51.549664+00:00
2026-04-15 00:00:00+00:00,67900000.0,2321.16,v4,global,etf_eth,etf/ethereum/flow-history,2026-04-24T04:28:51.549664+00:00
2026-04-16 00:00:00+00:00,18000000.0,2358.86,v4,global,etf_eth,etf/ethereum/flow-history,2026-04-24T04:28:51.549664+00:00
2026-04-17 00:00:00+00:00,127400000.0,2346.93,v4,global,etf_eth,etf/ethereum/flow-history,2026-04-24T04:28:51.549664+00:00
2026-04-20 00:00:00+00:00,67800000.0,2262.21,v4,global,etf_eth,etf/ethereum/flow-history,2026-04-24T04:28:51.549664+00:00
2026-04-21 00:00:00+00:00,43400000.0,2312.59,v4,global,etf_eth,etf/ethereum/flow-history,2026-04-24T04:28:51.549664+00:00
2026-04-22 00:00:00+00:00,96400000.0,2326.12,v4,global,etf_eth,etf/ethereum/flow-history,2026-04-24T04:28:51.549664+00:00
2026-04-23 00:00:00+00:00,-75900000.0,2373.05,v4,global,etf_eth,etf/ethereum/flow-history,2026-04-24T04:28:51.549664+00:00
